/*
Navicat Oracle Data Transfer
Oracle Client Version : 10.2.0.5.0

Source Server         : localhostPPMS
Source Server Version : 110200
Source Host           : localhost:1521
Source Schema         : PPMSUSER

Target Server Type    : ORACLE
Target Server Version : 110200
File Encoding         : 65001

Date: 2015-09-21 16:18:52
*/


-- ----------------------------
-- Table structure for C_ORGANIZATION_NJ
-- ----------------------------
DROP TABLE "PPMSUSER"."C_ORGANIZATION_NJ";
CREATE TABLE "PPMSUSER"."C_ORGANIZATION_NJ" (
"ORGAREAID" NUMBER NOT NULL ,
"AREAID" NUMBER NULL ,
"ORGID" NUMBER(8) NULL ,
"ORG_NAME" VARCHAR2(160 BYTE) NULL ,
"ORG_TYPE_ID" NUMBER NULL ,
"REGION_ID" NUMBER NULL ,
"ID_DESC" VARCHAR2(50 BYTE) NULL ,
"TYPE" NUMBER NULL ,
"OPERATING_DATE" DATE NULL ,
"OPERATING_ID" NUMBER NULL ,
"COUNTY_DESC" VARCHAR2(30 BYTE) NULL ,
"COUNTY_LX" VARCHAR2(30 BYTE) NULL ,
"ID_DESC2" VARCHAR2(50 BYTE) NULL ,
"IS_SQ" NUMBER(1) NULL ,
"IS_SJMC" NUMBER(1) NULL ,
"IS_XYD" NUMBER(1) NULL ,
"ID_TYPE2" NUMBER NULL ,
"COUNTY_LX_ID" NUMBER NULL ,
"COUNTY_ID" NUMBER NULL ,
"XS_ID" NUMBER(1) NULL ,
"DY_ID" NUMBER(1) NULL ,
"HZLX_ID" NUMBER(1) NULL ,
"QDLX_ID" NUMBER(2) NULL ,
"FSXZ_ID" NUMBER(1) NULL ,
"ZDXS_ID" NUMBER(1) NULL ,
"DZSX_ID" NUMBER(3) NULL ,
"CHANNEL_ID1" VARCHAR2(20 BYTE) NULL ,
"DY" VARCHAR2(20 BYTE) NULL ,
"QDLX" VARCHAR2(60 BYTE) NULL ,
"STATUS" NUMBER NULL 
)
LOGGING
NOCOMPRESS
NOCACHE

;

-- ----------------------------
-- Records of C_ORGANIZATION_NJ
-- ----------------------------
INSERT INTO "PPMSUSER"."C_ORGANIZATION_NJ" VALUES ('11', '51', '1', null, null, null, null, null, null, null, null, null, null, null, null, null, null, null, null, null, null, null, null, null, null, null, null, null, null, null);
INSERT INTO "PPMSUSER"."C_ORGANIZATION_NJ" VALUES ('12', '52', '2', null, null, null, null, null, null, null, null, null, null, null, null, null, null, null, null, null, null, null, null, null, null, null, null, null, null, null);

-- ----------------------------
-- Table structure for C_USER_INFO
-- ----------------------------
DROP TABLE "PPMSUSER"."C_USER_INFO";
CREATE TABLE "PPMSUSER"."C_USER_INFO" (
"OPERID" NUMBER NOT NULL ,
"OPERNAME" VARCHAR2(80 BYTE) NULL ,
"OPERPASS" VARCHAR2(32 BYTE) NULL ,
"ROLEID" VARCHAR2(6 BYTE) NULL ,
"DEPARTID" NUMBER NULL ,
"CENTERID" NUMBER NULL ,
"ORGID" NUMBER(8) NULL ,
"ZWID" VARCHAR2(250 BYTE) NULL ,
"USERCOUNTRY" NUMBER NULL ,
"ISVALID" NUMBER NULL ,
"SHORTNUM" NUMBER NULL ,
"MOBILENUM" NUMBER NULL ,
"OPERATINGID" NUMBER NULL ,
"OPERATINGDATE" DATE NULL 
)
LOGGING
NOCOMPRESS
NOCACHE

;

-- ----------------------------
-- Records of C_USER_INFO
-- ----------------------------

-- ----------------------------
-- Table structure for OPERATOR_NJ
-- ----------------------------
DROP TABLE "PPMSUSER"."OPERATOR_NJ";
CREATE TABLE "PPMSUSER"."OPERATOR_NJ" (
"OPERATORID" NUMBER(8) NOT NULL ,
"NAME" VARCHAR2(160 BYTE) NULL ,
"SEX" NUMBER(1) NULL ,
"ORGID" NUMBER(8) NULL ,
"ADDR" VARCHAR2(256 BYTE) NULL ,
"TELEPHONE" VARCHAR2(40 BYTE) NULL ,
"OFFICE" VARCHAR2(256 BYTE) NULL ,
"CREATETIME" DATE NULL ,
"INVALIDTIME" DATE NULL ,
"STATUSID" NUMBER(1) NULL ,
"MAXLOGINTIMES" NUMBER(2) NULL ,
"CURRLOGINTIMES" NUMBER(2) NULL ,
"EMPNO" NUMBER(8) NULL ,
"TYPE" NUMBER(1) NULL ,
"MOBILE" VARCHAR2(40 BYTE) NULL ,
"CHANGEDATE" DATE NULL 
)
LOGGING
NOCOMPRESS
NOCACHE

;

-- ----------------------------
-- Records of OPERATOR_NJ
-- ----------------------------

-- ----------------------------
-- Table structure for ORGANIZATION_NJ
-- ----------------------------
DROP TABLE "PPMSUSER"."ORGANIZATION_NJ";
CREATE TABLE "PPMSUSER"."ORGANIZATION_NJ" (
"ORGID" NUMBER(8) NOT NULL ,
"ORG_NAME" VARCHAR2(160 BYTE) NULL ,
"ADDRESS" VARCHAR2(256 BYTE) NULL ,
"EXPIRE_TIME" DATE NULL ,
"SUPERIOR_ID" NUMBER(8) NULL ,
"STATUS" NUMBER(1) NULL ,
"CONTACT_NAME" VARCHAR2(100 BYTE) NULL ,
"CONTACT_TEL" VARCHAR2(40 BYTE) NULL ,
"USER_COUNTY" NUMBER NULL ,
"TYPE" NUMBER(2) NULL ,
"REGION_ID" NUMBER(8) NULL ,
"CHANNEL_TYPE" CHAR(28 BYTE) NULL 
)
LOGGING
NOCOMPRESS
NOCACHE

;
COMMENT ON COLUMN "PPMSUSER"."ORGANIZATION_NJ"."ORG_NAME" IS '营业厅名称';
COMMENT ON COLUMN "PPMSUSER"."ORGANIZATION_NJ"."ADDRESS" IS '营业厅地址';
COMMENT ON COLUMN "PPMSUSER"."ORGANIZATION_NJ"."SUPERIOR_ID" IS '店长工号';
COMMENT ON COLUMN "PPMSUSER"."ORGANIZATION_NJ"."STATUS" IS '有效状态（0：无效，1：有效）';
COMMENT ON COLUMN "PPMSUSER"."ORGANIZATION_NJ"."CONTACT_NAME" IS '联系人姓名';
COMMENT ON COLUMN "PPMSUSER"."ORGANIZATION_NJ"."CONTACT_TEL" IS '联系电话';
COMMENT ON COLUMN "PPMSUSER"."ORGANIZATION_NJ"."TYPE" IS '类别';
COMMENT ON COLUMN "PPMSUSER"."ORGANIZATION_NJ"."REGION_ID" IS '区域编码';

-- ----------------------------
-- Records of ORGANIZATION_NJ
-- ----------------------------
INSERT INTO "PPMSUSER"."ORGANIZATION_NJ" VALUES ('2', '湖南路营业厅', null, null, null, '1', null, null, null, '0', null, null);
INSERT INTO "PPMSUSER"."ORGANIZATION_NJ" VALUES ('1', '浙大科技园营业厅', '高新区浙大科技园', null, '1', '1', '15270008655', '罗哥', '155', '1', '52', '01                          ');

-- ----------------------------
-- Table structure for TB_AREA
-- ----------------------------
DROP TABLE "PPMSUSER"."TB_AREA";
CREATE TABLE "PPMSUSER"."TB_AREA" (
"AREAID" NUMBER NOT NULL ,
"AREADESC" VARCHAR2(30 BYTE) NULL ,
"STATUS" NUMBER(1) NULL ,
"CREATEDBY" VARCHAR2(6 BYTE) NULL ,
"CREATEDTIME" DATE NULL ,
"MODIFIEDBY" VARCHAR2(6 BYTE) NULL ,
"MODIFIEDTIME" DATE NULL 
)
LOGGING
NOCOMPRESS
NOCACHE

;
COMMENT ON COLUMN "PPMSUSER"."TB_AREA"."AREAID" IS '区域编码';
COMMENT ON COLUMN "PPMSUSER"."TB_AREA"."AREADESC" IS '区域名称';
COMMENT ON COLUMN "PPMSUSER"."TB_AREA"."STATUS" IS '有效状态标识 (0:无效 1;有效)';

-- ----------------------------
-- Records of TB_AREA
-- ----------------------------
INSERT INTO "PPMSUSER"."TB_AREA" VALUES ('51', '城东', '1', '000000', null, null, null);
INSERT INTO "PPMSUSER"."TB_AREA" VALUES ('52', '城西', '1', '000000', null, null, null);
INSERT INTO "PPMSUSER"."TB_AREA" VALUES ('53', '城南', '1', '000000', null, null, null);
INSERT INTO "PPMSUSER"."TB_AREA" VALUES ('54', '城北', '1', '000000', null, null, null);

-- ----------------------------
-- Table structure for TB_AREAORGRELATION
-- ----------------------------
DROP TABLE "PPMSUSER"."TB_AREAORGRELATION";
CREATE TABLE "PPMSUSER"."TB_AREAORGRELATION" (
"AREAORGID" NUMBER(8) NOT NULL ,
"ORGID" NUMBER(8) NULL ,
"CREATEDBY" VARCHAR2(6 BYTE) NULL ,
"CREATEDTIME" DATE NULL ,
"MODIFIEDBY" VARCHAR2(6 BYTE) NULL ,
"MODIFIEDTIME" DATE NULL ,
"AREAID" NUMBER NULL 
)
LOGGING
NOCOMPRESS
NOCACHE

;

-- ----------------------------
-- Records of TB_AREAORGRELATION
-- ----------------------------
INSERT INTO "PPMSUSER"."TB_AREAORGRELATION" VALUES ('13', '2', null, null, null, null, '52');
INSERT INTO "PPMSUSER"."TB_AREAORGRELATION" VALUES ('12', '1', null, null, null, null, '51');

-- ----------------------------
-- Table structure for TB_BECOMEEMPLOYEEEXAM
-- ----------------------------
DROP TABLE "PPMSUSER"."TB_BECOMEEMPLOYEEEXAM";
CREATE TABLE "PPMSUSER"."TB_BECOMEEMPLOYEEEXAM" (
"EXAMID" VARCHAR2(10 BYTE) NOT NULL ,
"EMPLOYEEID" VARCHAR2(6 BYTE) NULL ,
"ORGID" NUMBER(8) NULL ,
"EXAMDATE" DATE NULL ,
"EXAMSCORE" NUMBER(7,2) NULL ,
"CHINESEPRINTCOUNT" NUMBER(3) NULL ,
"NUMBERPRINTCOUNT" NUMBER(3) NULL ,
"REMARK" VARCHAR2(200 BYTE) NULL ,
"CREATEDBY" VARCHAR2(6 BYTE) NULL ,
"CREATEDTIME" DATE NULL ,
"MODIFIEDBY" VARCHAR2(6 BYTE) NULL ,
"MODIFIEDTIME" DATE NULL 
)
LOGGING
NOCOMPRESS
NOCACHE

;
COMMENT ON COLUMN "PPMSUSER"."TB_BECOMEEMPLOYEEEXAM"."EMPLOYEEID" IS '员工编码';
COMMENT ON COLUMN "PPMSUSER"."TB_BECOMEEMPLOYEEEXAM"."ORGID" IS '营业厅编码';
COMMENT ON COLUMN "PPMSUSER"."TB_BECOMEEMPLOYEEEXAM"."EXAMDATE" IS '日期（年月）';
COMMENT ON COLUMN "PPMSUSER"."TB_BECOMEEMPLOYEEEXAM"."EXAMSCORE" IS '考试成绩';
COMMENT ON COLUMN "PPMSUSER"."TB_BECOMEEMPLOYEEEXAM"."CHINESEPRINTCOUNT" IS '汉字';
COMMENT ON COLUMN "PPMSUSER"."TB_BECOMEEMPLOYEEEXAM"."NUMBERPRINTCOUNT" IS '数字';
COMMENT ON COLUMN "PPMSUSER"."TB_BECOMEEMPLOYEEEXAM"."REMARK" IS '备注';

-- ----------------------------
-- Records of TB_BECOMEEMPLOYEEEXAM
-- ----------------------------
INSERT INTO "PPMSUSER"."TB_BECOMEEMPLOYEEEXAM" VALUES ('356', null, null, null, '99', '88', '77', '通过', null, null, null, null);
INSERT INTO "PPMSUSER"."TB_BECOMEEMPLOYEEEXAM" VALUES ('373', null, null, null, '99', '145', '234', '万万没想到', null, null, null, null);
INSERT INTO "PPMSUSER"."TB_BECOMEEMPLOYEEEXAM" VALUES ('113', '9527', null, null, '80', '164', '164', '修改4', null, null, null, null);
INSERT INTO "PPMSUSER"."TB_BECOMEEMPLOYEEEXAM" VALUES ('503', null, null, null, '99', '199', '99', '好好', null, null, null, null);

-- ----------------------------
-- Table structure for TB_CHANGEJOBHISTORY
-- ----------------------------
DROP TABLE "PPMSUSER"."TB_CHANGEJOBHISTORY";
CREATE TABLE "PPMSUSER"."TB_CHANGEJOBHISTORY" (
"JOBHISTORYID" VARCHAR2(10 BYTE) NOT NULL ,
"EMPLOYEEID" VARCHAR2(6 BYTE) NULL ,
"OUTJOBID" VARCHAR2(6 BYTE) NULL ,
"INJOBID" VARCHAR2(6 BYTE) NULL ,
"CHANGEDATE" DATE NULL ,
"CREATEDBY" VARCHAR2(6 BYTE) NULL ,
"CREATEDTIME" DATE NULL ,
"MODIFIEDBY" VARCHAR2(6 BYTE) NULL ,
"MODIFIEDTIME" DATE NULL 
)
LOGGING
NOCOMPRESS
NOCACHE

;

-- ----------------------------
-- Records of TB_CHANGEJOBHISTORY
-- ----------------------------
INSERT INTO "PPMSUSER"."TB_CHANGEJOBHISTORY" VALUES ('002', '33', 'JC03', 'JC05', TO_DATE('2015-08-18 00:00:00', 'YYYY-MM-DD HH24:MI:SS'), 'qq', TO_DATE('2015-08-18 00:00:00', 'YYYY-MM-DD HH24:MI:SS'), null, null);

-- ----------------------------
-- Table structure for TB_CHANGEORGHISTORY
-- ----------------------------
DROP TABLE "PPMSUSER"."TB_CHANGEORGHISTORY";
CREATE TABLE "PPMSUSER"."TB_CHANGEORGHISTORY" (
"ORGHISTORYID" VARCHAR2(10 BYTE) NOT NULL ,
"EMPLOYEEID" VARCHAR2(6 BYTE) NULL ,
"OUTORGID" NUMBER(8) NULL ,
"INORGID" NUMBER(8) NULL ,
"CHANGEDATE" DATE NULL ,
"CREATEDBY" VARCHAR2(6 BYTE) NULL ,
"CREATEDTIME" DATE NULL ,
"MODIFIEDBY" VARCHAR2(6 BYTE) NULL ,
"MODIFIEDTIME" DATE NULL 
)
LOGGING
NOCOMPRESS
NOCACHE

;
COMMENT ON COLUMN "PPMSUSER"."TB_CHANGEORGHISTORY"."EMPLOYEEID" IS '员工在本系统中的唯一标识符，由系统产生
系统管理员的EmployeeId为000000，由初始值插入';

-- ----------------------------
-- Records of TB_CHANGEORGHISTORY
-- ----------------------------
INSERT INTO "PPMSUSER"."TB_CHANGEORGHISTORY" VALUES ('001', '9528', '1', '2', TO_DATE('2015-08-18 00:00:00', 'YYYY-MM-DD HH24:MI:SS'), 'ywj', TO_DATE('2015-08-18 00:00:00', 'YYYY-MM-DD HH24:MI:SS'), null, null);

-- ----------------------------
-- Table structure for TB_EMPLOYEE
-- ----------------------------
DROP TABLE "PPMSUSER"."TB_EMPLOYEE";
CREATE TABLE "PPMSUSER"."TB_EMPLOYEE" (
"EMPLOYEEID" VARCHAR2(6 BYTE) NOT NULL ,
"EMPLOYEENAME" VARCHAR2(20 BYTE) NULL ,
"EMPLOYEECODE" VARCHAR2(8 BYTE) NULL ,
"IDNUMBER" VARCHAR2(20 BYTE) NULL ,
"IDPASSWORD" VARCHAR2(32 BYTE) NULL ,
"ORGID" NUMBER(8) NULL ,
"ORGTYPE" VARCHAR2(6 BYTE) NULL ,
"SEX" NUMBER(1) NULL ,
"BIRTHDAY" DATE NULL ,
"BANKNAME" VARCHAR2(40 BYTE) NULL ,
"BANKNUMBER" VARCHAR2(40 BYTE) NULL ,
"STATUS" NUMBER(1) NULL ,
"ACADEMICDEGREE" VARCHAR2(40 BYTE) NULL ,
"ADDRESSAREA" VARCHAR2(40 BYTE) NULL ,
"ADDRESS" VARCHAR2(50 BYTE) NULL ,
"MOBILENUMBER" VARCHAR2(11 BYTE) NULL ,
"SHORTMOBILENUMBER" VARCHAR2(5 BYTE) NULL ,
"SCHOOLNAME" VARCHAR2(60 BYTE) NULL ,
"SPECIALIZATION" VARCHAR2(60 BYTE) NULL ,
"TEL" VARCHAR2(20 BYTE) NULL ,
"ENTERTIME" DATE NULL ,
"FRONTBACKFLAG" NUMBER(1) NULL ,
"BACKJOBCOMMENT" VARCHAR2(40 BYTE) NULL ,
"TELECOMLEVEL" NUMBER(1) NULL ,
"MOBILELEVEL" NUMBER(1) NULL ,
"POSTID" VARCHAR2(6 BYTE) NULL ,
"JOBID" VARCHAR2(6 BYTE) NULL ,
"ROLEID" VARCHAR2(20 BYTE) NULL ,
"EMPLOYEETYPE" VARCHAR2(6 BYTE) NULL ,
"QUALIFICATION" VARCHAR2(60 BYTE) NULL ,
"JOBSTARTDATE" DATE NULL ,
"OPERATORPASSDATE" DATE NULL ,
"OPERATOREXPIRE" NUMBER(3) NULL ,
"OPERATORVALIDFLAG" NUMBER(1) NULL ,
"AUDITPASSDATE" DATE NULL ,
"AUDITEXPIRE" NUMBER(3) NULL ,
"AUDITVALIDFLAG" NUMBER(1) NULL ,
"REMARK" VARCHAR2(200 BYTE) NULL ,
"LASTLOGINTIME" DATE NULL ,
"CREATEDBY" VARCHAR2(6 BYTE) NULL ,
"CREATEDTIME" DATE NULL ,
"MODIFIEDBY" VARCHAR2(6 BYTE) NULL ,
"MODIFIEDTIME" DATE NULL 
)
LOGGING
NOCOMPRESS
NOCACHE

;
COMMENT ON COLUMN "PPMSUSER"."TB_EMPLOYEE"."EMPLOYEEID" IS '员工编码';
COMMENT ON COLUMN "PPMSUSER"."TB_EMPLOYEE"."EMPLOYEENAME" IS '姓名';
COMMENT ON COLUMN "PPMSUSER"."TB_EMPLOYEE"."EMPLOYEECODE" IS '工号';
COMMENT ON COLUMN "PPMSUSER"."TB_EMPLOYEE"."IDNUMBER" IS '身份证号';
COMMENT ON COLUMN "PPMSUSER"."TB_EMPLOYEE"."IDPASSWORD" IS '密码';
COMMENT ON COLUMN "PPMSUSER"."TB_EMPLOYEE"."ORGID" IS '所属营业厅编码';
COMMENT ON COLUMN "PPMSUSER"."TB_EMPLOYEE"."ORGTYPE" IS '营业厅类型  tb_Master.Type=OrgType的key值';
COMMENT ON COLUMN "PPMSUSER"."TB_EMPLOYEE"."SEX" IS '性别 (0:男 1:女)';
COMMENT ON COLUMN "PPMSUSER"."TB_EMPLOYEE"."BIRTHDAY" IS '出生年月';
COMMENT ON COLUMN "PPMSUSER"."TB_EMPLOYEE"."BANKNAME" IS '银行卡所属银行';
COMMENT ON COLUMN "PPMSUSER"."TB_EMPLOYEE"."BANKNUMBER" IS '银行卡号';
COMMENT ON COLUMN "PPMSUSER"."TB_EMPLOYEE"."STATUS" IS '人员状态（0:无效 1:有效)';
COMMENT ON COLUMN "PPMSUSER"."TB_EMPLOYEE"."ACADEMICDEGREE" IS '学历';
COMMENT ON COLUMN "PPMSUSER"."TB_EMPLOYEE"."ADDRESSAREA" IS '居住所属区域';
COMMENT ON COLUMN "PPMSUSER"."TB_EMPLOYEE"."ADDRESS" IS '现居住地址';
COMMENT ON COLUMN "PPMSUSER"."TB_EMPLOYEE"."MOBILENUMBER" IS '长号';
COMMENT ON COLUMN "PPMSUSER"."TB_EMPLOYEE"."SHORTMOBILENUMBER" IS '短号';
COMMENT ON COLUMN "PPMSUSER"."TB_EMPLOYEE"."SCHOOLNAME" IS '毕业学校';
COMMENT ON COLUMN "PPMSUSER"."TB_EMPLOYEE"."SPECIALIZATION" IS '专业';
COMMENT ON COLUMN "PPMSUSER"."TB_EMPLOYEE"."TEL" IS '联系电话';
COMMENT ON COLUMN "PPMSUSER"."TB_EMPLOYEE"."ENTERTIME" IS '进公司时间';
COMMENT ON COLUMN "PPMSUSER"."TB_EMPLOYEE"."FRONTBACKFLAG" IS '前后台标识 0:前台 1:后台';
COMMENT ON COLUMN "PPMSUSER"."TB_EMPLOYEE"."BACKJOBCOMMENT" IS '后台岗位说明';
COMMENT ON COLUMN "PPMSUSER"."TB_EMPLOYEE"."TELECOMLEVEL" IS '电信业务营销员技能鉴定水平 (-1:空白 0:初级 1:中级 2:高级)';
COMMENT ON COLUMN "PPMSUSER"."TB_EMPLOYEE"."MOBILELEVEL" IS '移动营业技能鉴定水平 (-1:空白 0:初级 1:中级 2:高级)';
COMMENT ON COLUMN "PPMSUSER"."TB_EMPLOYEE"."POSTID" IS '岗职';
COMMENT ON COLUMN "PPMSUSER"."TB_EMPLOYEE"."JOBID" IS '岗位';
COMMENT ON COLUMN "PPMSUSER"."TB_EMPLOYEE"."ROLEID" IS '角色编码';
COMMENT ON COLUMN "PPMSUSER"."TB_EMPLOYEE"."EMPLOYEETYPE" IS '人员类别';
COMMENT ON COLUMN "PPMSUSER"."TB_EMPLOYEE"."QUALIFICATION" IS '资质';
COMMENT ON COLUMN "PPMSUSER"."TB_EMPLOYEE"."JOBSTARTDATE" IS '岗位开始时间';
COMMENT ON COLUMN "PPMSUSER"."TB_EMPLOYEE"."OPERATORPASSDATE" IS '营业员上岗证考核通过时间';
COMMENT ON COLUMN "PPMSUSER"."TB_EMPLOYEE"."OPERATOREXPIRE" IS '营业员上岗证考核有效时间(月) (-1:空白)';
COMMENT ON COLUMN "PPMSUSER"."TB_EMPLOYEE"."OPERATORVALIDFLAG" IS '营业员上岗证考核是否有效 (0:无效 1:有效)';
COMMENT ON COLUMN "PPMSUSER"."TB_EMPLOYEE"."AUDITPASSDATE" IS '账务稽核人员上岗证考核通过时间';
COMMENT ON COLUMN "PPMSUSER"."TB_EMPLOYEE"."AUDITEXPIRE" IS '账务稽核人员上岗证考核有效时间 (-1:空白)';
COMMENT ON COLUMN "PPMSUSER"."TB_EMPLOYEE"."AUDITVALIDFLAG" IS '账务稽核人员上岗证考核是否有效 (0:无效 1:有效)';
COMMENT ON COLUMN "PPMSUSER"."TB_EMPLOYEE"."REMARK" IS '备注';
COMMENT ON COLUMN "PPMSUSER"."TB_EMPLOYEE"."LASTLOGINTIME" IS '最后一次登录时间，每次登录时更改';
COMMENT ON COLUMN "PPMSUSER"."TB_EMPLOYEE"."CREATEDBY" IS '创建人';
COMMENT ON COLUMN "PPMSUSER"."TB_EMPLOYEE"."CREATEDTIME" IS '创建时间';
COMMENT ON COLUMN "PPMSUSER"."TB_EMPLOYEE"."MODIFIEDBY" IS '最后修改人';
COMMENT ON COLUMN "PPMSUSER"."TB_EMPLOYEE"."MODIFIEDTIME" IS '最后修改时间';

-- ----------------------------
-- Records of TB_EMPLOYEE
-- ----------------------------
INSERT INTO "PPMSUSER"."TB_EMPLOYEE" VALUES ('522', '你好', '12201133', '511623199308215753', 'c4ca4238a0b923820dcc509a6f75849b', '2', '2', '1', TO_DATE('2015-08-04 00:00:00', 'YYYY-MM-DD HH24:MI:SS'), null, null, '0', null, null, null, null, null, null, null, '18070499250', null, '0', null, null, null, 'PC01', 'JC10', '2015821163217', '96', null, null, null, null, null, null, null, null, null, null, null, null, null, null);
INSERT INTO "PPMSUSER"."TB_EMPLOYEE" VALUES ('9528', '黑罗', '9528', '360202199310103035', 'c4ca4238a0b923820dcc509a6f75849b', '2', null, '1', TO_DATE('1993-10-10 00:00:00', 'YYYY-MM-DD HH24:MI:SS'), null, null, '0', null, null, null, null, null, null, null, null, null, null, null, null, null, 'PC01', 'JC04', '000000', null, null, null, null, null, null, null, null, null, null, null, null, null, null, null);
INSERT INTO "PPMSUSER"."TB_EMPLOYEE" VALUES ('33', '邵文娟', '100989', '320106197005202056', null, '2', null, '1', TO_DATE('2015-08-15 00:00:00', 'YYYY-MM-DD HH24:MI:SS'), null, '6225589877447899', '1', '本科', '下关区', '下关区热河南路11号205室', '13901588703', '66859', '南京大学', '电子商务', '13655877895', null, '1', '区域管理员', '0', '1', 'PC03', 'JC09', null, '0001', '高级', null, null, null, '1', null, null, null, 'XXXXX', null, null, null, null, null);
INSERT INTO "PPMSUSER"."TB_EMPLOYEE" VALUES ('485', '员一', '140000', '55555555555555555', null, '1', '1', '1', TO_DATE('2015-07-28 00:00:00', 'YYYY-MM-DD HH24:MI:SS'), '中国银行', '1111111111111111', '0', '本', '南昌', '高新', null, null, null, null, '18745612315', TO_DATE('2015-07-27 00:00:00', 'YYYY-MM-DD HH24:MI:SS'), '1', '哈哈', '0', null, 'PC02', 'JC08', '2015821163217', '34', null, null, null, null, null, null, null, null, null, null, null, null, null, null);
INSERT INTO "PPMSUSER"."TB_EMPLOYEE" VALUES ('000000', '系统管理员', '8888', '123456123456123456', '1bbd886460827015e5d605ed44252251', '2', null, '0', null, null, null, '1', null, null, null, null, null, null, null, null, null, '1', '系统管理员', null, null, null, null, '000000', '0001', null, null, null, null, null, null, null, null, null, null, '000000', null, null, null);
INSERT INTO "PPMSUSER"."TB_EMPLOYEE" VALUES ('100', '邵文娟', '100989', '3201061970052020', null, '2', null, '1', null, null, '6225589877447899', '1', '本科', '下关区', '下关区热河南路11号205室', '13901588703', '66859', '南京大学', '电子商务', '13655877895', TO_DATE('2006-01-26 00:00:00', 'YYYY-MM-DD HH24:MI:SS'), '1', '区域管理员', '0', '1', 'PC03', 'JC09', null, '0001', '高级', null, null, null, '1', null, null, null, 'XXXXX', null, null, null, null, null);
INSERT INTO "PPMSUSER"."TB_EMPLOYEE" VALUES ('122', '袁文杰是个DJ', '140000', '36042319940512xxxx', null, '2', '1', '1', TO_DATE('1994-05-12 00:00:00', 'YYYY-MM-DD HH24:MI:SS'), '中国农业银行', '2319456464621266', null, '本科', '南昌', '南昌', '18770000115', '55524', '南航', '软件', '18770001175', TO_DATE('2015-05-05 00:00:00', 'YYYY-MM-DD HH24:MI:SS'), '0', null, null, null, 'PC02', 'JC10', '000000', '97', null, null, null, null, null, null, null, null, null, null, null, null, null, null);
INSERT INTO "PPMSUSER"."TB_EMPLOYEE" VALUES ('437', '罗私立比', '140055', '36042319940512xxxx', null, '1', '1', '1', TO_DATE('2015-07-28 00:00:00', 'YYYY-MM-DD HH24:MI:SS'), '中国银行', '1111111111111111', null, '专科', '南昌', '高新', '1654565454', '55555', '南昌航空大学', '软件', '18745612315', TO_DATE('2015-07-27 00:00:00', 'YYYY-MM-DD HH24:MI:SS'), '0', '买个猛', '0', '1', 'PC02', 'JC08', '2015824135332', '97', null, null, null, null, null, null, null, null, null, null, null, null, null, null);
INSERT INTO "PPMSUSER"."TB_EMPLOYEE" VALUES ('183', '老千', '2212', '3201061970052020', null, '2', null, '0', null, null, '6225589877447899', '1', '本科', '下关区', '下关区热河南路11号205室', '13901588703', '66859', '南京大学', '电子商务', '13655877895', TO_DATE('2006-01-26 00:00:00', 'YYYY-MM-DD HH24:MI:SS'), '1', '区域管理员', '0', '1', 'PC03', 'JC09', null, '0001', '高级', null, null, null, '1', null, null, null, 'XXXXX', null, null, null, null, null);
INSERT INTO "PPMSUSER"."TB_EMPLOYEE" VALUES ('9527', '周星驰', null, '36073519930829211X', null, '1', null, null, null, null, null, null, null, null, null, null, null, null, null, null, null, null, null, null, null, null, null, null, null, null, null, null, null, null, null, null, null, null, null, null, null, null, null);
INSERT INTO "PPMSUSER"."TB_EMPLOYEE" VALUES ('34', '邵小娟', '100989', '320106197005202078', null, '2', null, '1', TO_DATE('2015-08-15 00:00:00', 'YYYY-MM-DD HH24:MI:SS'), null, '6225589877447899', '1', '本科', '下关区', '下关区热河南路11号205室', '13901588703', '66859', '南京大学', '电子商务', '13655877895', TO_DATE('2006-01-26 00:00:00', 'YYYY-MM-DD HH24:MI:SS'), '1', '区域管理员', '0', '1', 'PC03', 'JC09', null, '0001', '高级', null, null, null, '1', null, null, null, 'XXXXX', null, null, null, null, null);
INSERT INTO "PPMSUSER"."TB_EMPLOYEE" VALUES ('97', '邵文娟', '100989', '3201061970052021', null, '2', null, '1', null, null, '6225589877447899', '1', '本科', '下关区', '下关区热河南路11号205室', '13901588703', '66859', '南京大学', '电子商务', '13655877895', TO_DATE('2006-01-26 00:00:00', 'YYYY-MM-DD HH24:MI:SS'), '1', '区域管理员', '0', '1', 'PC03', 'JC09', null, '0001', '高级', null, null, null, '1', null, null, null, 'XXXXX', null, null, null, null, null);
INSERT INTO "PPMSUSER"."TB_EMPLOYEE" VALUES ('96', '邵文娟', '100989', '3201061970052022', null, '1', null, '1', null, null, '6225589877447899', '1', '本科', '下关区', '下关区热河南路11号205室', '13901588703', '66859', '南京大学', '电子商务', '13655877895', TO_DATE('2006-01-26 00:00:00', 'YYYY-MM-DD HH24:MI:SS'), '1', '区域管理员', '0', '1', 'PC03', 'JC09', null, '0001', '高级', null, null, null, '1', null, null, null, 'XXXXX', null, null, null, null, null);
INSERT INTO "PPMSUSER"."TB_EMPLOYEE" VALUES ('387', '阿妹爱成龙', '140000', '36041555555555555', null, '1', '1', null, TO_DATE('2015-07-26 00:00:00', 'YYYY-MM-DD HH24:MI:SS'), '中国银行', '1234567899888', null, '本科', '层', '高新', '1654565454', '2222', '南昌航空大学', '软件', '18745612315', TO_DATE('1999-08-09 00:00:00', 'YYYY-MM-DD HH24:MI:SS'), '1', '擦', '0', '0', 'PC02', 'JC05', '2015821163217', '97', null, null, null, null, null, null, null, null, null, null, null, null, null, null);

-- ----------------------------
-- Table structure for TB_EMPLOYEEPRAISECRITICISM
-- ----------------------------
DROP TABLE "PPMSUSER"."TB_EMPLOYEEPRAISECRITICISM";
CREATE TABLE "PPMSUSER"."TB_EMPLOYEEPRAISECRITICISM" (
"PRAISECRITICISMID" VARCHAR2(10 BYTE) NOT NULL ,
"EMPLOYEEID" VARCHAR2(6 BYTE) NULL ,
"ORGID" NUMBER(8) NULL ,
"PRAISECRITICISMTYPE" VARCHAR2(6 BYTE) NULL ,
"CAUSE" VARCHAR2(300 BYTE) NULL ,
"PRAISECRITICISMDATE" DATE NULL ,
"PRAISECRITICISMLEVEL" VARCHAR2(6 BYTE) NULL ,
"ORGPRAISECRITICMRELATIONID" VARCHAR2(10 BYTE) NULL ,
"CREATEDBY" VARCHAR2(6 BYTE) NULL ,
"CREATEDTIME" DATE NULL ,
"MODIFIEDBY" VARCHAR2(6 BYTE) NULL ,
"MODIFIEDTIME" DATE NULL 
)
LOGGING
NOCOMPRESS
NOCACHE

;
COMMENT ON COLUMN "PPMSUSER"."TB_EMPLOYEEPRAISECRITICISM"."EMPLOYEEID" IS '员工编码';
COMMENT ON COLUMN "PPMSUSER"."TB_EMPLOYEEPRAISECRITICISM"."ORGID" IS '营业厅编码';
COMMENT ON COLUMN "PPMSUSER"."TB_EMPLOYEEPRAISECRITICISM"."PRAISECRITICISMTYPE" IS '类型';
COMMENT ON COLUMN "PPMSUSER"."TB_EMPLOYEEPRAISECRITICISM"."CAUSE" IS '奖惩原因';
COMMENT ON COLUMN "PPMSUSER"."TB_EMPLOYEEPRAISECRITICISM"."PRAISECRITICISMDATE" IS '时间（年月日）';
COMMENT ON COLUMN "PPMSUSER"."TB_EMPLOYEEPRAISECRITICISM"."PRAISECRITICISMLEVEL" IS '级别';

-- ----------------------------
-- Records of TB_EMPLOYEEPRAISECRITICISM
-- ----------------------------
INSERT INTO "PPMSUSER"."TB_EMPLOYEEPRAISECRITICISM" VALUES ('166', '9528', '2', '0002', '64456456456456', TO_DATE('2015-07-28 00:00:00', 'YYYY-MM-DD HH24:MI:SS'), '0001', null, null, null, null, null);
INSERT INTO "PPMSUSER"."TB_EMPLOYEEPRAISECRITICISM" VALUES ('317', '9527', '1', '0002', '服务质量高', TO_DATE('2015-08-12 00:00:00', 'YYYY-MM-DD HH24:MI:SS'), '0002', null, null, null, null, null);
INSERT INTO "PPMSUSER"."TB_EMPLOYEEPRAISECRITICISM" VALUES ('110', '9527', '1', '0002', '服务质量高', TO_DATE('2015-08-12 00:00:00', 'YYYY-MM-DD HH24:MI:SS'), '0002', null, null, null, null, null);
INSERT INTO "PPMSUSER"."TB_EMPLOYEEPRAISECRITICISM" VALUES ('254', '122', '2', '0002', '4525', TO_DATE('2015-08-11 00:00:00', 'YYYY-MM-DD HH24:MI:SS'), '0003', null, null, null, null, null);
INSERT INTO "PPMSUSER"."TB_EMPLOYEEPRAISECRITICISM" VALUES ('235', '183', '2', '0001', '8888', TO_DATE('2015-08-05 00:00:00', 'YYYY-MM-DD HH24:MI:SS'), '0002', null, null, null, null, null);
INSERT INTO "PPMSUSER"."TB_EMPLOYEEPRAISECRITICISM" VALUES ('468', '122', '2', '0002', '穿着太丑，不入流', TO_DATE('2015-08-12 00:00:00', 'YYYY-MM-DD HH24:MI:SS'), '0003', null, null, null, null, null);

-- ----------------------------
-- Table structure for TB_FRESHEMPLOYEEEXAM
-- ----------------------------
DROP TABLE "PPMSUSER"."TB_FRESHEMPLOYEEEXAM";
CREATE TABLE "PPMSUSER"."TB_FRESHEMPLOYEEEXAM" (
"EXAMID" VARCHAR2(10 BYTE) NOT NULL ,
"EMPLOYEEID" VARCHAR2(6 BYTE) NULL ,
"ORGID" NUMBER(8) NULL ,
"EXAMDATE" DATE NULL ,
"EXAMSTAGE" VARCHAR2(6 BYTE) NULL ,
"WEEK" NUMBER(2) NULL ,
"EXAMSCORE" NUMBER(7,2) NULL ,
"CREATEDBY" VARCHAR2(6 BYTE) NULL ,
"CREATEDTIME" DATE NULL ,
"MODIFIEDBY" VARCHAR2(6 BYTE) NULL ,
"MODIFIEDTIME" DATE NULL 
)
LOGGING
NOCOMPRESS
NOCACHE

;
COMMENT ON COLUMN "PPMSUSER"."TB_FRESHEMPLOYEEEXAM"."EMPLOYEEID" IS '员工编码';
COMMENT ON COLUMN "PPMSUSER"."TB_FRESHEMPLOYEEEXAM"."ORGID" IS '营业厅编码';
COMMENT ON COLUMN "PPMSUSER"."TB_FRESHEMPLOYEEEXAM"."EXAMDATE" IS '考核时间（年月日）';
COMMENT ON COLUMN "PPMSUSER"."TB_FRESHEMPLOYEEEXAM"."EXAMSTAGE" IS '阶段';
COMMENT ON COLUMN "PPMSUSER"."TB_FRESHEMPLOYEEEXAM"."WEEK" IS '培养周次';
COMMENT ON COLUMN "PPMSUSER"."TB_FRESHEMPLOYEEEXAM"."EXAMSCORE" IS '考核成绩';

-- ----------------------------
-- Records of TB_FRESHEMPLOYEEEXAM
-- ----------------------------

-- ----------------------------
-- Table structure for TB_INNOVATION
-- ----------------------------
DROP TABLE "PPMSUSER"."TB_INNOVATION";
CREATE TABLE "PPMSUSER"."TB_INNOVATION" (
"INNOVATIONID" VARCHAR2(10 BYTE) NOT NULL ,
"EMPLOYEEID" VARCHAR2(6 BYTE) NULL ,
"EMPLOYEEORGID" NUMBER(8) NULL ,
"ORGID" NUMBER(8) NULL ,
"INNOVATIONCONTENT" VARCHAR2(200 BYTE) NULL ,
"ASSESSDATE" DATE NULL ,
"ASSESSRESULT" VARCHAR2(50 BYTE) NULL ,
"ASSESSLEVEL" VARCHAR2(6 BYTE) NULL ,
"ENCOURAGEMENT" VARCHAR2(50 BYTE) NULL ,
"CREATEDBY" VARCHAR2(6 BYTE) NULL ,
"CREATEDTIME" DATE NULL ,
"MODIFIEDBY" VARCHAR2(6 BYTE) NULL ,
"MODIFIEDTIME" DATE NULL 
)
LOGGING
NOCOMPRESS
NOCACHE

;
COMMENT ON COLUMN "PPMSUSER"."TB_INNOVATION"."EMPLOYEEORGID" IS '营业厅编码';
COMMENT ON COLUMN "PPMSUSER"."TB_INNOVATION"."ORGID" IS '营业厅编码';
COMMENT ON COLUMN "PPMSUSER"."TB_INNOVATION"."INNOVATIONCONTENT" IS '创新方案';
COMMENT ON COLUMN "PPMSUSER"."TB_INNOVATION"."ASSESSDATE" IS '评定时间（年月日）';
COMMENT ON COLUMN "PPMSUSER"."TB_INNOVATION"."ASSESSRESULT" IS '部门审核结果';
COMMENT ON COLUMN "PPMSUSER"."TB_INNOVATION"."ASSESSLEVEL" IS '层级';
COMMENT ON COLUMN "PPMSUSER"."TB_INNOVATION"."ENCOURAGEMENT" IS '奖励方式';

-- ----------------------------
-- Records of TB_INNOVATION
-- ----------------------------
INSERT INTO "PPMSUSER"."TB_INNOVATION" VALUES ('491', '485', null, '1', '做得好，罗sb', TO_DATE('2015-08-25 00:00:00', 'YYYY-MM-DD HH24:MI:SS'), '通过', '1', '个人成长档案加分/', null, null, null, null);
INSERT INTO "PPMSUSER"."TB_INNOVATION" VALUES ('393', '9528', null, '2', '发生', TO_DATE('2015-08-13 00:00:00', 'YYYY-MM-DD HH24:MI:SS'), '特等奖', '0002', '个人月度绩效/经费奖励', null, null, null, null);
INSERT INTO "PPMSUSER"."TB_INNOVATION" VALUES ('525', '33', null, '2', '萨达', TO_DATE('2015-07-29 00:00:00', 'YYYY-MM-DD HH24:MI:SS'), '谁说的', '2', '个人月度绩效/', null, null, null, null);

-- ----------------------------
-- Table structure for TB_JOB
-- ----------------------------
DROP TABLE "PPMSUSER"."TB_JOB";
CREATE TABLE "PPMSUSER"."TB_JOB" (
"JOBID" VARCHAR2(6 BYTE) NOT NULL ,
"JOBNAME" VARCHAR2(20 BYTE) NULL ,
"JOBCOMMENT" VARCHAR2(200 BYTE) NULL ,
"JOBTYPE" NUMBER(1) NULL ,
"POSTID" VARCHAR2(6 BYTE) NULL ,
"STAGEID" VARCHAR2(6 BYTE) NULL ,
"SEQ" VARCHAR2(2 BYTE) NULL ,
"CREATEDBY" VARCHAR2(6 BYTE) NULL ,
"CREATEDTIME" DATE NULL ,
"MODIFIEDBY" VARCHAR2(6 BYTE) NULL ,
"MODIFIEDTIME" DATE NULL ,
"DELETEDTIME" DATE NULL 
)
LOGGING
NOCOMPRESS
NOCACHE

;

-- ----------------------------
-- Records of TB_JOB
-- ----------------------------
INSERT INTO "PPMSUSER"."TB_JOB" VALUES ('JC03', '营业员', null, '1', 'PC01', 'SC03', '3', '000000', null, null, null, null);
INSERT INTO "PPMSUSER"."TB_JOB" VALUES ('JC04', '熟练营业员', null, '1', 'PC01', 'SC04', '4', '000000', null, null, null, null);
INSERT INTO "PPMSUSER"."TB_JOB" VALUES ('JC05', '投诉处理', null, '1', 'PC01', 'SC04', '5', '000000', null, null, null, null);
INSERT INTO "PPMSUSER"."TB_JOB" VALUES ('JC06', '账务稽核', null, '1', 'PC01', 'SC05', '6', '000000', null, null, null, null);
INSERT INTO "PPMSUSER"."TB_JOB" VALUES ('JC07', '实习值班经理', null, '1', 'PC01', 'SC06', '7', '000000', null, null, null, null);
INSERT INTO "PPMSUSER"."TB_JOB" VALUES ('JC08', '值班经理', null, '1', 'PC02', 'SC07', '8', '000000', null, null, null, null);
INSERT INTO "PPMSUSER"."TB_JOB" VALUES ('JC09', '店长', null, '1', 'PC03', 'SC08', '9', '000000', null, null, null, null);
INSERT INTO "PPMSUSER"."TB_JOB" VALUES ('JC10', '营销经理助理', null, '1', 'PC04', null, '10', '000000', null, null, null, null);

-- ----------------------------
-- Table structure for TB_MASTER
-- ----------------------------
DROP TABLE "PPMSUSER"."TB_MASTER";
CREATE TABLE "PPMSUSER"."TB_MASTER" (
"MASTERID" VARCHAR2(6 BYTE) NOT NULL ,
"TYPE" VARCHAR2(50 BYTE) NULL ,
"KEY" VARCHAR2(6 BYTE) NULL ,
"VALUE" VARCHAR2(100 BYTE) NULL ,
"SEQ" VARCHAR2(2 BYTE) NULL 
)
LOGGING
NOCOMPRESS
NOCACHE

;

-- ----------------------------
-- Records of TB_MASTER
-- ----------------------------
INSERT INTO "PPMSUSER"."TB_MASTER" VALUES ('000003', 'OrgType', '0003', '置换厅', '3');
INSERT INTO "PPMSUSER"."TB_MASTER" VALUES ('000004', 'EmployeeType', '0001', '普通员工', '1');
INSERT INTO "PPMSUSER"."TB_MASTER" VALUES ('000005', 'EmployeeType', '0002', '炼金生', '2');
INSERT INTO "PPMSUSER"."TB_MASTER" VALUES ('000006', 'EmployeeType', '0003', '储备店长', '3');
INSERT INTO "PPMSUSER"."TB_MASTER" VALUES ('000007', 'EmployeeType', '0004', '客服代表', '4');
INSERT INTO "PPMSUSER"."TB_MASTER" VALUES ('000008', 'TrainingLevel', '0001', '区域', '1');
INSERT INTO "PPMSUSER"."TB_MASTER" VALUES ('000009', 'TrainingLevel', '0002', '部门', '2');
INSERT INTO "PPMSUSER"."TB_MASTER" VALUES ('000010', 'TrainingLevel', '0003', '公司', '3');
INSERT INTO "PPMSUSER"."TB_MASTER" VALUES ('000011', 'TrainingLevel', '0004', '省公司', '4');
INSERT INTO "PPMSUSER"."TB_MASTER" VALUES ('000012', 'TrainingLevel', '0005', '其它', '5');
INSERT INTO "PPMSUSER"."TB_MASTER" VALUES ('000013', 'PromotionContent', '0001', '进阶熟练营业员', '1');
INSERT INTO "PPMSUSER"."TB_MASTER" VALUES ('000014', 'PromotionContent', '0002', '进阶账务稽核', '2');
INSERT INTO "PPMSUSER"."TB_MASTER" VALUES ('000015', 'PromotionContent', '0003', '进阶实习值班经理', '3');
INSERT INTO "PPMSUSER"."TB_MASTER" VALUES ('000016', 'PromotionContent', '0004', '进阶值班经理', '4');
INSERT INTO "PPMSUSER"."TB_MASTER" VALUES ('000017', 'PromotionContent', '0005', '进阶店长', '5');
INSERT INTO "PPMSUSER"."TB_MASTER" VALUES ('000018', 'PromotionContent', '0006', '其它', '6');
INSERT INTO "PPMSUSER"."TB_MASTER" VALUES ('000019', 'MonitorType', '0001', '表扬', '1');
INSERT INTO "PPMSUSER"."TB_MASTER" VALUES ('000020', 'MonitorType', '0002', '问题指出', '2');
INSERT INTO "PPMSUSER"."TB_MASTER" VALUES ('000021', 'InnovationLevel', '0001', '部门', '1');
INSERT INTO "PPMSUSER"."TB_MASTER" VALUES ('000022', 'InnovationLevel', '0002', '区域', '2');
INSERT INTO "PPMSUSER"."TB_MASTER" VALUES ('000023', 'InnovationEncouragement', '0001', '个人成长档案加分', '1');
INSERT INTO "PPMSUSER"."TB_MASTER" VALUES ('000024', 'InnovationEncouragement', '0002', '个人月度绩效', '2');
INSERT INTO "PPMSUSER"."TB_MASTER" VALUES ('000025', 'InnovationEncouragement', '0003', '经费奖励', '3');
INSERT INTO "PPMSUSER"."TB_MASTER" VALUES ('000026', 'EmployeePraiseCriticismType', '0001', '表彰', '1');
INSERT INTO "PPMSUSER"."TB_MASTER" VALUES ('000027', 'EmployeePraiseCriticismType', '0002', '惩罚', '2');
INSERT INTO "PPMSUSER"."TB_MASTER" VALUES ('000028', 'OrgPraiseCriticismType', '0001', '表彰', '1');
INSERT INTO "PPMSUSER"."TB_MASTER" VALUES ('000029', 'OrgPraiseCriticismType', '0002', '惩罚', '2');
INSERT INTO "PPMSUSER"."TB_MASTER" VALUES ('000030', 'EmployeeCriticismLevel', '0001', '公司发文通报', '1');
INSERT INTO "PPMSUSER"."TB_MASTER" VALUES ('000031', 'EmployeeCriticismLevel', '0002', '中心通报', '2');
INSERT INTO "PPMSUSER"."TB_MASTER" VALUES ('000032', 'EmployeeCriticismLevel', '0003', '区域通报', '3');
INSERT INTO "PPMSUSER"."TB_MASTER" VALUES ('000033', 'EmployeeCriticismLevel', '0004', '明暗访扣分', '4');
INSERT INTO "PPMSUSER"."TB_MASTER" VALUES ('000034', 'EmployeePraiseLevel', '0001', '公司发文表彰', '1');
INSERT INTO "PPMSUSER"."TB_MASTER" VALUES ('000035', 'EmployeePraiseLevel', '0002', '中心表彰', '2');
INSERT INTO "PPMSUSER"."TB_MASTER" VALUES ('000036', 'EmployeePraiseLevel', '0003', '区域表彰', '3');
INSERT INTO "PPMSUSER"."TB_MASTER" VALUES ('000037', 'OrgCriticismLevel', '0001', '中心通报', '1');
INSERT INTO "PPMSUSER"."TB_MASTER" VALUES ('000038', 'OrgCriticismLevel', '0002', '公司发文惩罚', '2');
INSERT INTO "PPMSUSER"."TB_MASTER" VALUES ('000039', 'OrgCriticismLevel', '0003', '区域通报', '3');
INSERT INTO "PPMSUSER"."TB_MASTER" VALUES ('000040', 'OrgPraiseLevel', '0001', '中心表彰', '1');
INSERT INTO "PPMSUSER"."TB_MASTER" VALUES ('000041', 'OrgPraiseLevel', '0002', '公司发文表彰', '2');
INSERT INTO "PPMSUSER"."TB_MASTER" VALUES ('000042', 'OrgPraiseLevel', '0003', '区域表彰', '3');
INSERT INTO "PPMSUSER"."TB_MASTER" VALUES ('000043', 'EmployeeSearchScope', '0001', '营销中心所有员工', '1');
INSERT INTO "PPMSUSER"."TB_MASTER" VALUES ('000044', 'EmployeeSearchScope', '0002', '区域内所有员工', '2');
INSERT INTO "PPMSUSER"."TB_MASTER" VALUES ('000045', 'EmployeeSearchScope', '0003', '片区内所有员工', '3');
INSERT INTO "PPMSUSER"."TB_MASTER" VALUES ('000046', 'EmployeeSearchScope', '0004', '营业厅内所有员工', '4');
INSERT INTO "PPMSUSER"."TB_MASTER" VALUES ('000047', 'EmployeeSearchScope', '0005', '营业厅内除店长外所有员工', '5');
INSERT INTO "PPMSUSER"."TB_MASTER" VALUES ('000048', 'EmployeeSearchScope', '0006', '本人', '6');
INSERT INTO "PPMSUSER"."TB_MASTER" VALUES ('000049', 'OrgSearchScope', '0001', '营销中心所有营业厅', '1');
INSERT INTO "PPMSUSER"."TB_MASTER" VALUES ('000050', 'OrgSearchScope', '0002', '区域内所有营业厅', '2');
INSERT INTO "PPMSUSER"."TB_MASTER" VALUES ('000051', 'OrgSearchScope', '0003', '片区内所有营业厅', '3');
INSERT INTO "PPMSUSER"."TB_MASTER" VALUES ('000001', 'OrgType', '0001', '主厅', '1');
INSERT INTO "PPMSUSER"."TB_MASTER" VALUES ('000002', 'OrgType', '0002', '合作厅', '2');
INSERT INTO "PPMSUSER"."TB_MASTER" VALUES ('000052', 'OrgSearchScope', '0004', '本营业厅', '4');
INSERT INTO "PPMSUSER"."TB_MASTER" VALUES ('000053', 'MountGuardType', '0001', '营业员上岗证', '1');
INSERT INTO "PPMSUSER"."TB_MASTER" VALUES ('000054', 'MountGuardType', '0002', '帐务稽核人员上岗证', '2');

-- ----------------------------
-- Table structure for TB_MONITORCHECK
-- ----------------------------
DROP TABLE "PPMSUSER"."TB_MONITORCHECK";
CREATE TABLE "PPMSUSER"."TB_MONITORCHECK" (
"MONITORCHECKID" VARCHAR2(10 BYTE) NOT NULL ,
"ORGID" NUMBER(8) NULL ,
"CHECKDATE" DATE NULL ,
"CHECKTYPE" VARCHAR2(6 BYTE) NULL ,
"DETAIL" VARCHAR2(500 BYTE) NULL ,
"CREATEDBY" VARCHAR2(6 BYTE) NULL ,
"CREATEDTIME" DATE NULL ,
"MODIFIEDBY" VARCHAR2(6 BYTE) NULL ,
"MODIFIEDTIME" DATE NULL 
)
LOGGING
NOCOMPRESS
NOCACHE

;
COMMENT ON COLUMN "PPMSUSER"."TB_MONITORCHECK"."ORGID" IS '营业厅编码';
COMMENT ON COLUMN "PPMSUSER"."TB_MONITORCHECK"."CHECKDATE" IS '日期（年月日）';
COMMENT ON COLUMN "PPMSUSER"."TB_MONITORCHECK"."CHECKTYPE" IS '类别';
COMMENT ON COLUMN "PPMSUSER"."TB_MONITORCHECK"."DETAIL" IS '明细';

-- ----------------------------
-- Records of TB_MONITORCHECK
-- ----------------------------
INSERT INTO "PPMSUSER"."TB_MONITORCHECK" VALUES ('357', '1', null, '0001', '衣着不整齐', null, null, null, null);
INSERT INTO "PPMSUSER"."TB_MONITORCHECK" VALUES ('358', '1', null, '0001', '衣着不整齐', null, null, null, null);
INSERT INTO "PPMSUSER"."TB_MONITORCHECK" VALUES ('360', '2', null, '0001', '额外热风微风而非', null, null, null, null);
INSERT INTO "PPMSUSER"."TB_MONITORCHECK" VALUES ('87', '1', TO_DATE('2015-08-12 00:00:00', 'YYYY-MM-DD HH24:MI:SS'), '0002', '营业台席上长时间无人未摆放暂停服务牌(11:48-11:58)', null, null, null, null);
INSERT INTO "PPMSUSER"."TB_MONITORCHECK" VALUES ('355', '1', null, '0001', '衣着不整齐', null, null, null, null);
INSERT INTO "PPMSUSER"."TB_MONITORCHECK" VALUES ('359', '1', null, '0001', '衣着不整齐', null, null, null, null);
INSERT INTO "PPMSUSER"."TB_MONITORCHECK" VALUES ('361', '2', TO_DATE('2015-08-08 00:00:00', 'YYYY-MM-DD HH24:MI:SS'), '0002', '玩手机', null, null, null, null);
INSERT INTO "PPMSUSER"."TB_MONITORCHECK" VALUES ('462', '1', TO_DATE('2015-08-05 00:00:00', 'YYYY-MM-DD HH24:MI:SS'), '0002', '不洗澡', null, null, null, null);

-- ----------------------------
-- Table structure for TB_MONTHEXAM
-- ----------------------------
DROP TABLE "PPMSUSER"."TB_MONTHEXAM";
CREATE TABLE "PPMSUSER"."TB_MONTHEXAM" (
"EXAMID" VARCHAR2(10 BYTE) NOT NULL ,
"EMPLOYEEID" VARCHAR2(6 BYTE) NULL ,
"ORGID" NUMBER(8) NULL ,
"EXAMDATE" DATE NULL ,
"EXAMSCORE" NUMBER(7,2) NULL ,
"CREATEDBY" VARCHAR2(6 BYTE) NULL ,
"CREATEDTIME" DATE NULL ,
"MODIFIEDBY" VARCHAR2(6 BYTE) NULL ,
"MODIFIEDTIME" DATE NULL 
)
LOGGING
NOCOMPRESS
NOCACHE

;
COMMENT ON COLUMN "PPMSUSER"."TB_MONTHEXAM"."EMPLOYEEID" IS '员工编码';
COMMENT ON COLUMN "PPMSUSER"."TB_MONTHEXAM"."ORGID" IS '营业厅编码';
COMMENT ON COLUMN "PPMSUSER"."TB_MONTHEXAM"."EXAMDATE" IS '考试时间（年月日）';
COMMENT ON COLUMN "PPMSUSER"."TB_MONTHEXAM"."EXAMSCORE" IS '考试成绩';

-- ----------------------------
-- Records of TB_MONTHEXAM
-- ----------------------------
INSERT INTO "PPMSUSER"."TB_MONTHEXAM" VALUES ('458', '437', '1', TO_DATE('2015-08-15 00:00:00', 'YYYY-MM-DD HH24:MI:SS'), '60', null, null, null, null);
INSERT INTO "PPMSUSER"."TB_MONTHEXAM" VALUES ('112', '9527', '1', TO_DATE('2015-08-13 00:00:00', 'YYYY-MM-DD HH24:MI:SS'), '85', null, null, null, null);
INSERT INTO "PPMSUSER"."TB_MONTHEXAM" VALUES ('459', '100', '2', TO_DATE('2015-08-13 00:00:00', 'YYYY-MM-DD HH24:MI:SS'), '54', null, null, null, null);
INSERT INTO "PPMSUSER"."TB_MONTHEXAM" VALUES ('218', '9528', '2', TO_DATE('2015-08-12 00:00:00', 'YYYY-MM-DD HH24:MI:SS'), '99', null, null, null, null);
INSERT INTO "PPMSUSER"."TB_MONTHEXAM" VALUES ('404', '9528', '2', TO_DATE('2015-08-07 00:00:00', 'YYYY-MM-DD HH24:MI:SS'), '68', null, null, null, null);

-- ----------------------------
-- Table structure for TB_MONTHPERFORMANCEOPEN
-- ----------------------------
DROP TABLE "PPMSUSER"."TB_MONTHPERFORMANCEOPEN";
CREATE TABLE "PPMSUSER"."TB_MONTHPERFORMANCEOPEN" (
"OPENID" VARCHAR2(10 BYTE) NOT NULL ,
"ORGID" NUMBER(8) NULL ,
"OPENMONTH" DATE NULL ,
"CREATEDBY" VARCHAR2(6 BYTE) NULL ,
"CREATEDTIME" DATE NULL ,
"MODIFIEDBY" VARCHAR2(6 BYTE) NULL ,
"MODIFIEDTIME" DATE NULL 
)
LOGGING
NOCOMPRESS
NOCACHE

;

-- ----------------------------
-- Records of TB_MONTHPERFORMANCEOPEN
-- ----------------------------
INSERT INTO "PPMSUSER"."TB_MONTHPERFORMANCEOPEN" VALUES ('148', '2', null, null, null, null, null);
INSERT INTO "PPMSUSER"."TB_MONTHPERFORMANCEOPEN" VALUES ('151', '1', null, null, null, null, null);
INSERT INTO "PPMSUSER"."TB_MONTHPERFORMANCEOPEN" VALUES ('161', '2', null, null, null, null, null);
INSERT INTO "PPMSUSER"."TB_MONTHPERFORMANCEOPEN" VALUES ('394', '1', null, null, null, null, null);
INSERT INTO "PPMSUSER"."TB_MONTHPERFORMANCEOPEN" VALUES ('149', '1', null, null, null, null, null);
INSERT INTO "PPMSUSER"."TB_MONTHPERFORMANCEOPEN" VALUES ('162', '1', null, null, null, null, null);
INSERT INTO "PPMSUSER"."TB_MONTHPERFORMANCEOPEN" VALUES ('319', '2', null, null, null, null, null);
INSERT INTO "PPMSUSER"."TB_MONTHPERFORMANCEOPEN" VALUES ('320', '1', null, null, null, null, null);
INSERT INTO "PPMSUSER"."TB_MONTHPERFORMANCEOPEN" VALUES ('150', '2', null, null, null, null, null);

-- ----------------------------
-- Table structure for TB_MOUNTGUARDEXAM
-- ----------------------------
DROP TABLE "PPMSUSER"."TB_MOUNTGUARDEXAM";
CREATE TABLE "PPMSUSER"."TB_MOUNTGUARDEXAM" (
"EXAMID" VARCHAR2(10 BYTE) NOT NULL ,
"EMPLOYEEID" VARCHAR2(6 BYTE) NULL ,
"ORGID" NUMBER(8) NULL ,
"EXAMTYPE" VARCHAR2(6 BYTE) NULL ,
"EXAMDATE" DATE NULL ,
"EXAMEXPIRE" NUMBER(7,2) NULL ,
"EXAMSCORE" NUMBER(7,2) NULL ,
"HOLDFAILURECOUNT" NUMBER NULL ,
"LASTDELETEDTIME" DATE NULL ,
"CREATEDBY" VARCHAR2(6 BYTE) NULL ,
"CREATEDTIME" DATE NULL ,
"MODIFIEDBY" VARCHAR2(6 BYTE) NULL ,
"MODIFIEDTIME" DATE NULL 
)
LOGGING
NOCOMPRESS
NOCACHE

;
COMMENT ON COLUMN "PPMSUSER"."TB_MOUNTGUARDEXAM"."EMPLOYEEID" IS '员工编码';
COMMENT ON COLUMN "PPMSUSER"."TB_MOUNTGUARDEXAM"."ORGID" IS '营业厅编码';
COMMENT ON COLUMN "PPMSUSER"."TB_MOUNTGUARDEXAM"."EXAMTYPE" IS '考核类型';
COMMENT ON COLUMN "PPMSUSER"."TB_MOUNTGUARDEXAM"."EXAMDATE" IS '考核时间（年月日）';
COMMENT ON COLUMN "PPMSUSER"."TB_MOUNTGUARDEXAM"."EXAMEXPIRE" IS '考核有效时间（月）';
COMMENT ON COLUMN "PPMSUSER"."TB_MOUNTGUARDEXAM"."EXAMSCORE" IS '成绩';
COMMENT ON COLUMN "PPMSUSER"."TB_MOUNTGUARDEXAM"."HOLDFAILURECOUNT" IS '保留的失败次数';
COMMENT ON COLUMN "PPMSUSER"."TB_MOUNTGUARDEXAM"."LASTDELETEDTIME" IS '被删除的最后一条记录';

-- ----------------------------
-- Records of TB_MOUNTGUARDEXAM
-- ----------------------------
INSERT INTO "PPMSUSER"."TB_MOUNTGUARDEXAM" VALUES ('526', '485', '1', '0001', TO_DATE('2015-08-12 00:00:00', 'YYYY-MM-DD HH24:MI:SS'), '23', '14', null, null, null, null, null, null);
INSERT INTO "PPMSUSER"."TB_MOUNTGUARDEXAM" VALUES ('434', '122', '2', '0002', TO_DATE('2015-08-18 00:00:00', 'YYYY-MM-DD HH24:MI:SS'), '6', '59', null, null, null, null, null, null);

-- ----------------------------
-- Table structure for TB_OPERATIONCHECK
-- ----------------------------
DROP TABLE "PPMSUSER"."TB_OPERATIONCHECK";
CREATE TABLE "PPMSUSER"."TB_OPERATIONCHECK" (
"OPERATIONCHECKID" VARCHAR2(10 BYTE) NOT NULL ,
"EMPLOYEEID" VARCHAR2(6 BYTE) NULL ,
"ORGID" NUMBER(8) NULL ,
"OPERATIONDATE" DATE NULL ,
"CUSTOMERMOBILENUMBER" VARCHAR2(11 BYTE) NULL ,
"OPERATIONTYPE" VARCHAR2(100 BYTE) NULL ,
"PUNISHRESULT" VARCHAR2(100 BYTE) NULL ,
"CREATEDBY" VARCHAR2(6 BYTE) NULL ,
"CREATEDTIME" DATE NULL ,
"MODIFIEDBY" VARCHAR2(6 BYTE) NULL ,
"MODIFIEDTIME" DATE NULL 
)
LOGGING
NOCOMPRESS
NOCACHE

;
COMMENT ON COLUMN "PPMSUSER"."TB_OPERATIONCHECK"."EMPLOYEEID" IS '操作工号';
COMMENT ON COLUMN "PPMSUSER"."TB_OPERATIONCHECK"."ORGID" IS '营业厅编码';
COMMENT ON COLUMN "PPMSUSER"."TB_OPERATIONCHECK"."OPERATIONDATE" IS '操作日期（年月日）';
COMMENT ON COLUMN "PPMSUSER"."TB_OPERATIONCHECK"."CUSTOMERMOBILENUMBER" IS '用户手机号码';
COMMENT ON COLUMN "PPMSUSER"."TB_OPERATIONCHECK"."OPERATIONTYPE" IS '业务类型';
COMMENT ON COLUMN "PPMSUSER"."TB_OPERATIONCHECK"."PUNISHRESULT" IS '处罚结果';

-- ----------------------------
-- Records of TB_OPERATIONCHECK
-- ----------------------------
INSERT INTO "PPMSUSER"."TB_OPERATIONCHECK" VALUES ('2', '33', '2', TO_DATE('2015-08-05 00:00:00', 'YYYY-MM-DD HH24:MI:SS'), '86783783783', '8737837827857', '8767832783', null, null, null, null);

-- ----------------------------
-- Table structure for TB_OPERATIONTRAINING
-- ----------------------------
DROP TABLE "PPMSUSER"."TB_OPERATIONTRAINING";
CREATE TABLE "PPMSUSER"."TB_OPERATIONTRAINING" (
"TRAININGID" VARCHAR2(10 BYTE) NOT NULL ,
"EMPLOYEEID" VARCHAR2(6 BYTE) NULL ,
"ORGID" NUMBER(8) NULL ,
"TRAININGDATE" DATE NULL ,
"TRAININGLEVEL" VARCHAR2(6 BYTE) NULL ,
"TRAININGCONTENT" VARCHAR2(200 BYTE) NULL ,
"TRAININGSCORE" NUMBER(7,2) NULL ,
"CREATEDBY" VARCHAR2(6 BYTE) NULL ,
"CREATEDTIME" DATE NULL ,
"MODIFIEDBY" VARCHAR2(6 BYTE) NULL ,
"MODIFIEDTIME" DATE NULL 
)
LOGGING
NOCOMPRESS
NOCACHE

;
COMMENT ON COLUMN "PPMSUSER"."TB_OPERATIONTRAINING"."EMPLOYEEID" IS '员工编码';
COMMENT ON COLUMN "PPMSUSER"."TB_OPERATIONTRAINING"."ORGID" IS '营业厅编码';
COMMENT ON COLUMN "PPMSUSER"."TB_OPERATIONTRAINING"."TRAININGDATE" IS '培训时间（年月日）';
COMMENT ON COLUMN "PPMSUSER"."TB_OPERATIONTRAINING"."TRAININGLEVEL" IS '培训级别';
COMMENT ON COLUMN "PPMSUSER"."TB_OPERATIONTRAINING"."TRAININGCONTENT" IS '培训内容';
COMMENT ON COLUMN "PPMSUSER"."TB_OPERATIONTRAINING"."TRAININGSCORE" IS '考试成绩';

-- ----------------------------
-- Records of TB_OPERATIONTRAINING
-- ----------------------------
INSERT INTO "PPMSUSER"."TB_OPERATIONTRAINING" VALUES ('443', '437', '1', TO_DATE('2015-08-20 00:00:00', 'YYYY-MM-DD HH24:MI:SS'), '0003', '打球2', '99', null, null, null, null);
INSERT INTO "PPMSUSER"."TB_OPERATIONTRAINING" VALUES ('460', '9527', '1', TO_DATE('2015-08-06 00:00:00', 'YYYY-MM-DD HH24:MI:SS'), '部门', '喝酒', '67', null, null, null, null);

-- ----------------------------
-- Table structure for TB_ORGPRAISECRITICISM
-- ----------------------------
DROP TABLE "PPMSUSER"."TB_ORGPRAISECRITICISM";
CREATE TABLE "PPMSUSER"."TB_ORGPRAISECRITICISM" (
"PRAISECRITICISMID" VARCHAR2(10 BYTE) NOT NULL ,
"ORGID" NUMBER(8) NULL ,
"PRAISECRITICISMTYPE" VARCHAR2(6 BYTE) NULL ,
"CAUSE" VARCHAR2(300 BYTE) NULL ,
"PRAISECRITICISMDATE" DATE NULL ,
"PRAISECRITICISMLEVEL" VARCHAR2(6 BYTE) NULL ,
"CREATEDBY" VARCHAR2(6 BYTE) NULL ,
"CREATEDTIME" DATE NULL ,
"MODIFIEDBY" VARCHAR2(6 BYTE) NULL ,
"MODIFIEDTIME" DATE NULL 
)
LOGGING
NOCOMPRESS
NOCACHE

;
COMMENT ON COLUMN "PPMSUSER"."TB_ORGPRAISECRITICISM"."ORGID" IS '营业厅编码';
COMMENT ON COLUMN "PPMSUSER"."TB_ORGPRAISECRITICISM"."PRAISECRITICISMTYPE" IS '类型';
COMMENT ON COLUMN "PPMSUSER"."TB_ORGPRAISECRITICISM"."CAUSE" IS '奖惩原因';
COMMENT ON COLUMN "PPMSUSER"."TB_ORGPRAISECRITICISM"."PRAISECRITICISMDATE" IS '时间（年月日）';
COMMENT ON COLUMN "PPMSUSER"."TB_ORGPRAISECRITICISM"."PRAISECRITICISMLEVEL" IS '级别';

-- ----------------------------
-- Records of TB_ORGPRAISECRITICISM
-- ----------------------------
INSERT INTO "PPMSUSER"."TB_ORGPRAISECRITICISM" VALUES ('255', '1', '0002', '7527852782', TO_DATE('2015-08-12 00:00:00', 'YYYY-MM-DD HH24:MI:SS'), '0001', null, null, null, null);
INSERT INTO "PPMSUSER"."TB_ORGPRAISECRITICISM" VALUES ('257', '1', '0002', '85', TO_DATE('2015-08-04 00:00:00', 'YYYY-MM-DD HH24:MI:SS'), '0002', null, null, null, null);
INSERT INTO "PPMSUSER"."TB_ORGPRAISECRITICISM" VALUES ('318', '1', '0001', '服务质量高', TO_DATE('2015-08-12 00:00:00', 'YYYY-MM-DD HH24:MI:SS'), '0002', null, null, null, null);
INSERT INTO "PPMSUSER"."TB_ORGPRAISECRITICISM" VALUES ('131', '2', '0002', '上交3毛钱', TO_DATE('2015-08-13 00:00:00', 'YYYY-MM-DD HH24:MI:SS'), '0002', null, null, null, null);
INSERT INTO "PPMSUSER"."TB_ORGPRAISECRITICISM" VALUES ('147', '2', '0002', '哎呦，不错哦', TO_DATE('2015-08-04 00:00:00', 'YYYY-MM-DD HH24:MI:SS'), '0002', null, null, null, null);

-- ----------------------------
-- Table structure for TB_PERFORMANCE
-- ----------------------------
DROP TABLE "PPMSUSER"."TB_PERFORMANCE";
CREATE TABLE "PPMSUSER"."TB_PERFORMANCE" (
"PERFORMANCEID" VARCHAR2(10 BYTE) NOT NULL ,
"EMPLOYEEID" VARCHAR2(6 BYTE) NULL ,
"ORGID" NUMBER(8) NULL ,
"PERFORMANCETYPE" NUMBER(1) NULL ,
"PERFORMANCEDATE" DATE NULL ,
"PERFORMANCESCORE" NUMBER(7,2) NULL ,
"REMARK" VARCHAR2(200 BYTE) NULL ,
"GRADESTANDARDORGFILENAME" VARCHAR2(200 BYTE) NULL ,
"GRADESTANDARDFILENAME" VARCHAR2(200 BYTE) NULL ,
"CREATEDBY" VARCHAR2(6 BYTE) NULL ,
"CREATEDTIME" DATE NULL ,
"MODIFIEDBY" VARCHAR2(6 BYTE) NULL ,
"MODIFIEDTIME" DATE NULL 
)
LOGGING
NOCOMPRESS
NOCACHE

;
COMMENT ON COLUMN "PPMSUSER"."TB_PERFORMANCE"."EMPLOYEEID" IS '员工编码';
COMMENT ON COLUMN "PPMSUSER"."TB_PERFORMANCE"."ORGID" IS '营业厅编码';
COMMENT ON COLUMN "PPMSUSER"."TB_PERFORMANCE"."PERFORMANCETYPE" IS '绩效类型';
COMMENT ON COLUMN "PPMSUSER"."TB_PERFORMANCE"."PERFORMANCEDATE" IS '月份/年份';
COMMENT ON COLUMN "PPMSUSER"."TB_PERFORMANCE"."PERFORMANCESCORE" IS '考核成绩';
COMMENT ON COLUMN "PPMSUSER"."TB_PERFORMANCE"."REMARK" IS '备注';

-- ----------------------------
-- Records of TB_PERFORMANCE
-- ----------------------------
INSERT INTO "PPMSUSER"."TB_PERFORMANCE" VALUES ('212', '9527', '1', '1', TO_DATE('2014-08-13 00:00:00', 'YYYY-MM-DD HH24:MI:SS'), '80', '无', null, null, null, null, null, null);
INSERT INTO "PPMSUSER"."TB_PERFORMANCE" VALUES ('213', '9527', '1', '0', TO_DATE('2005-06-30 00:00:00', 'YYYY-MM-DD HH24:MI:SS'), '80', '无', null, null, null, null, null, null);
INSERT INTO "PPMSUSER"."TB_PERFORMANCE" VALUES ('284', '9527', '1', '1', TO_DATE('2015-08-01 00:00:00', 'YYYY-MM-DD HH24:MI:SS'), '80', '无', null, null, null, null, null, null);
INSERT INTO "PPMSUSER"."TB_PERFORMANCE" VALUES ('285', null, null, null, TO_DATE('2015-07-01 00:00:00', 'YYYY-MM-DD HH24:MI:SS'), '20', '丢脸', null, null, null, null, null, null);
INSERT INTO "PPMSUSER"."TB_PERFORMANCE" VALUES ('286', '9527', '1', '1', TO_DATE('2015-08-01 00:00:00', 'YYYY-MM-DD HH24:MI:SS'), '80', '无', null, null, null, null, null, null);
INSERT INTO "PPMSUSER"."TB_PERFORMANCE" VALUES ('289', '9527', '1', '1', TO_DATE('2015-08-01 00:00:00', 'YYYY-MM-DD HH24:MI:SS'), '80', '无', null, null, null, null, null, null);
INSERT INTO "PPMSUSER"."TB_PERFORMANCE" VALUES ('451', '9527', '1', '1', TO_DATE('2015-03-01 00:00:00', 'YYYY-MM-DD HH24:MI:SS'), '100', '棒极了', null, null, null, null, null, null);
INSERT INTO "PPMSUSER"."TB_PERFORMANCE" VALUES ('303', null, null, null, TO_DATE('2015-03-01 00:00:00', 'YYYY-MM-DD HH24:MI:SS'), '100', '棒极了', null, null, null, null, null, null);
INSERT INTO "PPMSUSER"."TB_PERFORMANCE" VALUES ('309', '9527', '1', '1', TO_DATE('2015-03-01 00:00:00', 'YYYY-MM-DD HH24:MI:SS'), '100', '棒极了', null, null, null, null, null, null);
INSERT INTO "PPMSUSER"."TB_PERFORMANCE" VALUES ('310', '9527', '1', '1', TO_DATE('2015-03-01 00:00:00', 'YYYY-MM-DD HH24:MI:SS'), '100', '棒极了', null, null, null, null, null, null);
INSERT INTO "PPMSUSER"."TB_PERFORMANCE" VALUES ('312', '9527', '1', '1', TO_DATE('2015-03-01 00:00:00', 'YYYY-MM-DD HH24:MI:SS'), '100', '棒极了', null, null, null, null, null, null);
INSERT INTO "PPMSUSER"."TB_PERFORMANCE" VALUES ('313', '9527', '1', '1', TO_DATE('2015-03-01 00:00:00', 'YYYY-MM-DD HH24:MI:SS'), '100', '棒极了', null, null, null, null, null, null);
INSERT INTO "PPMSUSER"."TB_PERFORMANCE" VALUES ('398', null, null, null, null, '33', null, null, null, null, null, null, null);
INSERT INTO "PPMSUSER"."TB_PERFORMANCE" VALUES ('452', '9527', '1', '1', TO_DATE('2015-03-01 00:00:00', 'YYYY-MM-DD HH24:MI:SS'), '100', '棒极了', null, null, null, null, null, null);
INSERT INTO "PPMSUSER"."TB_PERFORMANCE" VALUES ('299', '9527', '1', '1', TO_DATE('2015-08-01 00:00:00', 'YYYY-MM-DD HH24:MI:SS'), '80', '无', null, null, null, null, null, null);
INSERT INTO "PPMSUSER"."TB_PERFORMANCE" VALUES ('321', '9527', '1', '0', TO_DATE('2005-06-30 00:00:00', 'YYYY-MM-DD HH24:MI:SS'), '80', '无', null, null, null, null, null, null);
INSERT INTO "PPMSUSER"."TB_PERFORMANCE" VALUES ('453', '9527', '1', '1', TO_DATE('2015-03-01 00:00:00', 'YYYY-MM-DD HH24:MI:SS'), '100', '棒极了', null, null, null, null, null, null);
INSERT INTO "PPMSUSER"."TB_PERFORMANCE" VALUES ('454', '9527', '1', '1', TO_DATE('2015-03-01 00:00:00', 'YYYY-MM-DD HH24:MI:SS'), '100', '棒极了', null, null, null, null, null, null);
INSERT INTO "PPMSUSER"."TB_PERFORMANCE" VALUES ('455', '9527', '1', '1', TO_DATE('2015-03-01 00:00:00', 'YYYY-MM-DD HH24:MI:SS'), '100', '棒极了', null, null, null, null, null, null);
INSERT INTO "PPMSUSER"."TB_PERFORMANCE" VALUES ('304', '9527', '1', '1', TO_DATE('2015-03-01 00:00:00', 'YYYY-MM-DD HH24:MI:SS'), '100', '棒极了', null, null, null, null, null, null);
INSERT INTO "PPMSUSER"."TB_PERFORMANCE" VALUES ('305', '9527', '1', '1', TO_DATE('2015-03-01 00:00:00', 'YYYY-MM-DD HH24:MI:SS'), '100', '棒极了', null, null, null, null, null, null);
INSERT INTO "PPMSUSER"."TB_PERFORMANCE" VALUES ('306', '9527', '1', '1', TO_DATE('2015-03-01 00:00:00', 'YYYY-MM-DD HH24:MI:SS'), '100', '棒极了', null, null, null, null, null, null);
INSERT INTO "PPMSUSER"."TB_PERFORMANCE" VALUES ('307', '9527', '1', '1', TO_DATE('2015-03-01 00:00:00', 'YYYY-MM-DD HH24:MI:SS'), '100', '棒极了', null, null, null, null, null, null);
INSERT INTO "PPMSUSER"."TB_PERFORMANCE" VALUES ('308', '9527', '1', '1', TO_DATE('2015-03-01 00:00:00', 'YYYY-MM-DD HH24:MI:SS'), '100', '棒极了', null, null, null, null, null, null);
INSERT INTO "PPMSUSER"."TB_PERFORMANCE" VALUES ('311', '9527', '1', '1', TO_DATE('2015-03-01 00:00:00', 'YYYY-MM-DD HH24:MI:SS'), '100', '棒极了', null, null, null, null, null, null);
INSERT INTO "PPMSUSER"."TB_PERFORMANCE" VALUES ('456', '9527', '1', '0', TO_DATE('2005-06-30 00:00:00', 'YYYY-MM-DD HH24:MI:SS'), '80', '无', null, null, null, null, null, null);

-- ----------------------------
-- Table structure for TB_POINT
-- ----------------------------
DROP TABLE "PPMSUSER"."TB_POINT";
CREATE TABLE "PPMSUSER"."TB_POINT" (
"POINTID" VARCHAR2(20 BYTE) NOT NULL ,
"EMPLOYEEID" VARCHAR2(6 BYTE) NULL ,
"ORGID" NUMBER(8) NULL ,
"POINTMONTH" DATE NULL ,
"ORGTYPE" VARCHAR2(6 BYTE) NULL ,
"JOBID" VARCHAR2(6 BYTE) NULL ,
"EMPLOYEEPOINT" NUMBER(10,2) NULL ,
"EMPLOYEEPERFORMANCE" NUMBER(7,2) NULL ,
"ORGPERFORMANCE" NUMBER(7,2) NULL ,
"REGULATEPOINT" NUMBER(10,2) NULL ,
"RANKSEQ" NUMBER(5) NULL ,
"ENCOURAGEMENTMONEY" NUMBER(10,2) NULL ,
"TAX" NUMBER(8,2) NULL ,
"NETINCOME" NUMBER(10,2) NULL ,
"ORGLEVEL" NUMBER(6,2) NULL ,
"BREACHDEDUCTPOINT" NUMBER(10,2) NULL ,
"LASTPOINT" NUMBER(10,2) NULL ,
"DEDUCTTAX" NUMBER(8,2) NULL ,
"CREATEDBY" VARCHAR2(6 BYTE) NULL ,
"CREATEDTIME" DATE NULL ,
"MODIFIEDBY" VARCHAR2(6 BYTE) NULL ,
"MODIFIEDTIME" DATE NULL 
)
LOGGING
NOCOMPRESS
NOCACHE

;
COMMENT ON COLUMN "PPMSUSER"."TB_POINT"."EMPLOYEEID" IS '员工编码';
COMMENT ON COLUMN "PPMSUSER"."TB_POINT"."ORGID" IS '营业厅编码';
COMMENT ON COLUMN "PPMSUSER"."TB_POINT"."POINTMONTH" IS '月份';
COMMENT ON COLUMN "PPMSUSER"."TB_POINT"."ORGTYPE" IS '营业厅类型';
COMMENT ON COLUMN "PPMSUSER"."TB_POINT"."JOBID" IS '岗位编码';
COMMENT ON COLUMN "PPMSUSER"."TB_POINT"."EMPLOYEEPOINT" IS '积分';
COMMENT ON COLUMN "PPMSUSER"."TB_POINT"."EMPLOYEEPERFORMANCE" IS '营业员绩效';
COMMENT ON COLUMN "PPMSUSER"."TB_POINT"."ORGPERFORMANCE" IS '营业厅绩效';
COMMENT ON COLUMN "PPMSUSER"."TB_POINT"."REGULATEPOINT" IS '调整后的积分';
COMMENT ON COLUMN "PPMSUSER"."TB_POINT"."RANKSEQ" IS '排名';
COMMENT ON COLUMN "PPMSUSER"."TB_POINT"."ENCOURAGEMENTMONEY" IS '奖励金额';
COMMENT ON COLUMN "PPMSUSER"."TB_POINT"."TAX" IS '税金';
COMMENT ON COLUMN "PPMSUSER"."TB_POINT"."NETINCOME" IS '税后金额';
COMMENT ON COLUMN "PPMSUSER"."TB_POINT"."ORGLEVEL" IS '营业厅星级';
COMMENT ON COLUMN "PPMSUSER"."TB_POINT"."BREACHDEDUCTPOINT" IS '违规扣分';
COMMENT ON COLUMN "PPMSUSER"."TB_POINT"."LASTPOINT" IS '最终奖励积分';
COMMENT ON COLUMN "PPMSUSER"."TB_POINT"."DEDUCTTAX" IS '扣减税金';

-- ----------------------------
-- Records of TB_POINT
-- ----------------------------
INSERT INTO "PPMSUSER"."TB_POINT" VALUES ('2015819110247', '9527', '1', TO_DATE('2015-08-19 00:00:00', 'YYYY-MM-DD HH24:MI:SS'), null, null, '43', '66', '24', '11', '2', '900', '2.20', '32', '1', '2', '0', '2', null, null, null, null);
INSERT INTO "PPMSUSER"."TB_POINT" VALUES ('2015825105654', '9527', '1', TO_DATE('2049-10-13 00:00:00', 'YYYY-MM-DD HH24:MI:SS'), null, 'JC03', '43', '1.10', '1', '4785', '1', '800', '48', '752', null, null, null, null, null, null, null, null);

-- ----------------------------
-- Table structure for TB_POINTDETAIL
-- ----------------------------
DROP TABLE "PPMSUSER"."TB_POINTDETAIL";
CREATE TABLE "PPMSUSER"."TB_POINTDETAIL" (
"POINTID" VARCHAR2(20 BYTE) NOT NULL ,
"OPERATIONNAME" VARCHAR2(256 BYTE) NULL ,
"OPERATIONSCORE" NUMBER(12,2) NULL ,
"SEQ" VARCHAR2(20 BYTE) NULL ,
"CREATEDBY" VARCHAR2(6 BYTE) NULL ,
"CREATEDTIME" DATE NULL ,
"MODIFIEDBY" VARCHAR2(6 BYTE) NULL ,
"MODIFIEDTIME" DATE NULL 
)
LOGGING
NOCOMPRESS
NOCACHE

;

-- ----------------------------
-- Records of TB_POINTDETAIL
-- ----------------------------
INSERT INTO "PPMSUSER"."TB_POINTDETAIL" VALUES ('2015825105654', '开通15元彩信套餐', '0', null, null, null, null, null);
INSERT INTO "PPMSUSER"."TB_POINTDETAIL" VALUES ('2015825105654', '开通5元彩信套餐', '0', null, null, null, null, null);
INSERT INTO "PPMSUSER"."TB_POINTDETAIL" VALUES ('2015825105654', '2元彩铃换歌', '0', null, null, null, null, null);
INSERT INTO "PPMSUSER"."TB_POINTDETAIL" VALUES ('2015825105654', '开通5元GPRS套餐', '21', null, null, null, null, null);
INSERT INTO "PPMSUSER"."TB_POINTDETAIL" VALUES ('2015825105654', '开通20元GPRS套餐', '6', null, null, null, null, null);
INSERT INTO "PPMSUSER"."TB_POINTDETAIL" VALUES ('2015825105654', '秘书管家', '7', null, null, null, null, null);
INSERT INTO "PPMSUSER"."TB_POINTDETAIL" VALUES ('2015825105654', '开5元手机邮箱个人版', '0', null, null, null, null, null);
INSERT INTO "PPMSUSER"."TB_POINTDETAIL" VALUES ('2015825105654', '短信代码升级换卡', '5', null, null, null, null, null);
INSERT INTO "PPMSUSER"."TB_POINTDETAIL" VALUES ('2015825105654', '交通秘书', '0', null, null, null, null, null);
INSERT INTO "PPMSUSER"."TB_POINTDETAIL" VALUES ('2015825105654', '无线高级会员', '2', null, null, null, null, null);
INSERT INTO "PPMSUSER"."TB_POINTDETAIL" VALUES ('2015825105654', '凤凰时事评论', '0', null, null, null, null, null);
INSERT INTO "PPMSUSER"."TB_POINTDETAIL" VALUES ('2015825105654', '无界篮球', '0', null, null, null, null, null);
INSERT INTO "PPMSUSER"."TB_POINTDETAIL" VALUES ('2015825105654', '瑞丽', '0', null, null, null, null, null);
INSERT INTO "PPMSUSER"."TB_POINTDETAIL" VALUES ('2015825105654', '短信回执', '0', null, null, null, null, null);
INSERT INTO "PPMSUSER"."TB_POINTDETAIL" VALUES ('2015825105654', '短信连连发', '0', null, null, null, null, null);
INSERT INTO "PPMSUSER"."TB_POINTDETAIL" VALUES ('2015825105654', '密码复位', '4', null, null, null, null, null);
INSERT INTO "PPMSUSER"."TB_POINTDETAIL" VALUES ('2015825105654', '开通100元GPRS套餐（除随e行外）', '0', null, null, null, null, null);
INSERT INTO "PPMSUSER"."TB_POINTDETAIL" VALUES ('2015825105654', '开通200元GPRS套餐（除随e行外）', '0', null, null, null, null, null);
INSERT INTO "PPMSUSER"."TB_POINTDETAIL" VALUES ('2015825105654', '手机零售', '0', null, null, null, null, null);
INSERT INTO "PPMSUSER"."TB_POINTDETAIL" VALUES ('2015825105654', '手机类捆绑营销活动受理', '32', null, null, null, null, null);
INSERT INTO "PPMSUSER"."TB_POINTDETAIL" VALUES ('2015825105654', '全球通品牌整合（充600送500礼品券）', '0', null, null, null, null, null);
INSERT INTO "PPMSUSER"."TB_POINTDETAIL" VALUES ('2015825105654', '移动改变生活充50元送50元礼品券营销案', '519', null, null, null, null, null);
INSERT INTO "PPMSUSER"."TB_POINTDETAIL" VALUES ('2015825105654', '全球通入网', '2', null, null, null, null, null);
INSERT INTO "PPMSUSER"."TB_POINTDETAIL" VALUES ('2015825105654', '动感地带入网', '13', null, null, null, null, null);
INSERT INTO "PPMSUSER"."TB_POINTDETAIL" VALUES ('2015825105654', '神州行入网(含各子产品)', '140', null, null, null, null, null);
INSERT INTO "PPMSUSER"."TB_POINTDETAIL" VALUES ('2015825105654', '税金', '48', null, null, null, null, null);
INSERT INTO "PPMSUSER"."TB_POINTDETAIL" VALUES ('2015825105654', '税后金额', '752', null, null, null, null, null);

-- ----------------------------
-- Table structure for TB_POST
-- ----------------------------
DROP TABLE "PPMSUSER"."TB_POST";
CREATE TABLE "PPMSUSER"."TB_POST" (
"POSTID" VARCHAR2(6 BYTE) NOT NULL ,
"POSTNAME" VARCHAR2(20 BYTE) NULL ,
"POSTCOMMENT" VARCHAR2(200 BYTE) NULL ,
"SEQ" VARCHAR2(2 BYTE) NULL ,
"CREATEDBY" VARCHAR2(6 BYTE) NULL ,
"CREATEDTIME" DATE NULL ,
"MODIFIEDBY" VARCHAR2(6 BYTE) NULL ,
"MODIFIEDTIME" DATE NULL ,
"DELETEDTIME" DATE NULL 
)
LOGGING
NOCOMPRESS
NOCACHE

;

-- ----------------------------
-- Records of TB_POST
-- ----------------------------
INSERT INTO "PPMSUSER"."TB_POST" VALUES ('PC01', '营业员', null, '1', '000000', null, null, null, null);
INSERT INTO "PPMSUSER"."TB_POST" VALUES ('PC02', '值班经理', null, '2', '000000', null, null, null, null);
INSERT INTO "PPMSUSER"."TB_POST" VALUES ('PC03', '店长', null, '3', '000000', null, null, null, null);
INSERT INTO "PPMSUSER"."TB_POST" VALUES ('PC04', '营销经理助理', null, '4', '000000', null, null, null, null);

-- ----------------------------
-- Table structure for TB_PROMOTIONTRAINING
-- ----------------------------
DROP TABLE "PPMSUSER"."TB_PROMOTIONTRAINING";
CREATE TABLE "PPMSUSER"."TB_PROMOTIONTRAINING" (
"PROMOTIONTRAININGID" VARCHAR2(20 BYTE) NOT NULL ,
"EMPLOYEEID" VARCHAR2(6 BYTE) NULL ,
"ORGID" NUMBER(8) NULL ,
"PROMOTIONTRAININGDATE" DATE NULL ,
"PROMOTIONCONTENT" VARCHAR2(6 BYTE) NULL ,
"PROMOTIONSCORE" NUMBER(7,2) NULL ,
"CREATEDBY" VARCHAR2(6 BYTE) NULL ,
"CREATEDTIME" DATE NULL ,
"MODIFIEDBY" VARCHAR2(6 BYTE) NULL ,
"MODIFIEDTIME" DATE NULL 
)
LOGGING
NOCOMPRESS
NOCACHE

;
COMMENT ON COLUMN "PPMSUSER"."TB_PROMOTIONTRAINING"."EMPLOYEEID" IS '员工编码';
COMMENT ON COLUMN "PPMSUSER"."TB_PROMOTIONTRAINING"."ORGID" IS '营业厅编码';
COMMENT ON COLUMN "PPMSUSER"."TB_PROMOTIONTRAINING"."PROMOTIONTRAININGDATE" IS '进阶培训时间（年月日）';
COMMENT ON COLUMN "PPMSUSER"."TB_PROMOTIONTRAINING"."PROMOTIONCONTENT" IS '进阶内容';
COMMENT ON COLUMN "PPMSUSER"."TB_PROMOTIONTRAINING"."PROMOTIONSCORE" IS '考试成绩';

-- ----------------------------
-- Records of TB_PROMOTIONTRAINING
-- ----------------------------
INSERT INTO "PPMSUSER"."TB_PROMOTIONTRAINING" VALUES ('2015820123032', '96', '1', TO_DATE('2015-08-21 00:00:00', 'YYYY-MM-DD HH24:MI:SS'), '0004', '53', null, null, null, null);
INSERT INTO "PPMSUSER"."TB_PROMOTIONTRAINING" VALUES ('2015824190535', '437', '1', TO_DATE('2015-08-20 00:00:00', 'YYYY-MM-DD HH24:MI:SS'), '0004', '60', null, null, null, null);
INSERT INTO "PPMSUSER"."TB_PROMOTIONTRAINING" VALUES ('2015825130222', '9527', '1', TO_DATE('2015-08-29 00:00:00', 'YYYY-MM-DD HH24:MI:SS'), '0001', '88', null, null, null, null);
INSERT INTO "PPMSUSER"."TB_PROMOTIONTRAINING" VALUES ('2015825125422', '9527', '1', TO_DATE('2015-08-22 00:00:00', 'YYYY-MM-DD HH24:MI:SS'), '0001', '66', null, null, null, null);
INSERT INTO "PPMSUSER"."TB_PROMOTIONTRAINING" VALUES ('123', '96', '1', TO_DATE('2015-08-21 00:00:00', 'YYYY-MM-DD HH24:MI:SS'), '0005', '59', null, null, null, null);

-- ----------------------------
-- Table structure for TB_ROLE
-- ----------------------------
DROP TABLE "PPMSUSER"."TB_ROLE";
CREATE TABLE "PPMSUSER"."TB_ROLE" (
"ROLEID" VARCHAR2(20 BYTE) NOT NULL ,
"ROLENAME" VARCHAR2(50 BYTE) NULL ,
"ADMINISTRATORFLAG" NUMBER(1) NULL ,
"SEQ" VARCHAR2(20 BYTE) NULL ,
"CREATEDBY" VARCHAR2(6 BYTE) NULL ,
"CREATEDTIME" DATE NULL ,
"MODIFIEDBY" VARCHAR2(6 BYTE) NULL ,
"MODIFIEDTIME" DATE NULL 
)
LOGGING
NOCOMPRESS
NOCACHE

;

-- ----------------------------
-- Records of TB_ROLE
-- ----------------------------
INSERT INTO "PPMSUSER"."TB_ROLE" VALUES ('2015827141554', '27re', '0', '1', '9528', null, null, null);
INSERT INTO "PPMSUSER"."TB_ROLE" VALUES ('2015824135723', '   123', '0', '1', '9528', null, null, null);
INSERT INTO "PPMSUSER"."TB_ROLE" VALUES ('2015824133227', '   ', '0', '1', '9528', null, null, null);
INSERT INTO "PPMSUSER"."TB_ROLE" VALUES ('2015820154719', 'test', '1', '0', '9528', null, null, null);
INSERT INTO "PPMSUSER"."TB_ROLE" VALUES ('2015825163033', '测试', '0', '1', '9528', TO_DATE('2015-08-25 00:00:00', 'YYYY-MM-DD HH24:MI:SS'), null, null);
INSERT INTO "PPMSUSER"."TB_ROLE" VALUES ('2015820171138', '最高权限管理员', '1', '1', '9528', null, null, null);
INSERT INTO "PPMSUSER"."TB_ROLE" VALUES ('000000', '系统管理员', '1', '1', '000000', TO_DATE('2015-08-27 14:17:29', 'YYYY-MM-DD HH24:MI:SS'), null, null);
INSERT INTO "PPMSUSER"."TB_ROLE" VALUES ('2015824192036', '袁文杰', '1', '1', '9528', TO_DATE('2015-08-24 00:00:00', 'YYYY-MM-DD HH24:MI:SS'), null, null);
INSERT INTO "PPMSUSER"."TB_ROLE" VALUES ('2015821163217', '钱秋林', '1', '1', '9528', TO_DATE('2015-08-27 10:33:29', 'YYYY-MM-DD HH24:MI:SS'), null, null);
INSERT INTO "PPMSUSER"."TB_ROLE" VALUES ('2015825155209', '新添测试角色', '0', '1', '9528', null, null, null);
INSERT INTO "PPMSUSER"."TB_ROLE" VALUES ('2015824135332', '   123', '0', '1', '9528', null, null, null);

-- ----------------------------
-- Table structure for TB_ROLEFUNCTION
-- ----------------------------
DROP TABLE "PPMSUSER"."TB_ROLEFUNCTION";
CREATE TABLE "PPMSUSER"."TB_ROLEFUNCTION" (
"ROLEID" VARCHAR2(20 BYTE) NOT NULL ,
"FUNCTIONIDS" VARCHAR2(500 BYTE) NOT NULL ,
"EMPLOYEESEARCHSCOPE" VARCHAR2(6 BYTE) NULL ,
"ORGSEARCHSCOPE" VARCHAR2(6 BYTE) NULL ,
"ROLEFUNCTIONID" VARCHAR2(20 BYTE) NOT NULL 
)
LOGGING
NOCOMPRESS
NOCACHE

;

-- ----------------------------
-- Records of TB_ROLEFUNCTION
-- ----------------------------
INSERT INTO "PPMSUSER"."TB_ROLEFUNCTION" VALUES ('2015827141554', '1,11,12,13,14,2,21,211,212,213,214,215,216,217,22,221,222,23,231,232,24,241,242,25,251,252,26,261,262,263,264,265,3,31,311,312,313,314,315,32,321,322,34,343,341,342,344,345,346,347,348,349,3410', null, null, '533');
INSERT INTO "PPMSUSER"."TB_ROLEFUNCTION" VALUES ('2015825163033', '1,11,12,13,14,2,21,211,212,213,214,215,216,217,23,231,232,24,241,242,25,251,252,26,261,262,263,264,265', null, null, '490');
INSERT INTO "PPMSUSER"."TB_ROLEFUNCTION" VALUES ('000000', '1,11,12,13,14,2,21,211,212,213,214,215,216,217,22,221,222,23,231,232,24,241,242,25,251,252,26,261,262,263,264,265,3,31,311,312,313,314,315,32,321,322,323,324,325,33,331,332,333,334,335,34,343,341,342,344,345,346,347,348,349,3410,4,41,411,5,51,52,53,6,61,62,63,65,64,7,72,721,722,723,724,725,71,711,712,713,714,715,8,81,811,812,813,814,816,819,815,817,818,8110,8111,82,821,822,824,823,825,826,828,829,9,91,92', null, null, '382');
INSERT INTO "PPMSUSER"."TB_ROLEFUNCTION" VALUES ('2015824133227', '8,81,811,812,813,814,816,819,815,817,818,8110,8111,82,821,822,824,823,825,826,828,829', null, null, '410');
INSERT INTO "PPMSUSER"."TB_ROLEFUNCTION" VALUES ('2015824192036', '1,11,12,13,14,2,21,211,212,213,214,215,216,217,22,221,222,23,231,232,24,241,242,25,251,252,26,261,262,263,264,265,9,91,92', null, null, '450');
INSERT INTO "PPMSUSER"."TB_ROLEFUNCTION" VALUES ('2015821163217', '1,11,12,13,14,2,21,211,3,31,312,313,9,91,92', null, null, '379');
INSERT INTO "PPMSUSER"."TB_ROLEFUNCTION" VALUES ('2015824135332', '8,81,811,812,813,814,816,819,815,817,818,8110,8111,82,821,822,824,823,825,826,828,829', null, null, '411');
INSERT INTO "PPMSUSER"."TB_ROLEFUNCTION" VALUES ('2015824135723', '8,81,811,812,813,814,816,819,815,817,818,8110,8111,82,821,822,824,823,825,826,828,829', null, null, '412');
INSERT INTO "PPMSUSER"."TB_ROLEFUNCTION" VALUES ('2015825155209', '1,11,12,13,14', null, null, '487');
INSERT INTO "PPMSUSER"."TB_ROLEFUNCTION" VALUES ('2015820171138', '1,11', null, null, '380');
INSERT INTO "PPMSUSER"."TB_ROLEFUNCTION" VALUES ('2015820154719', '2,21,211', null, null, '381');

-- ----------------------------
-- Table structure for TB_STAGE
-- ----------------------------
DROP TABLE "PPMSUSER"."TB_STAGE";
CREATE TABLE "PPMSUSER"."TB_STAGE" (
"STAGEID" VARCHAR2(6 BYTE) NOT NULL ,
"STAGENAME" VARCHAR2(30 BYTE) NULL ,
"STAGECOMMENT" VARCHAR2(200 BYTE) NULL ,
"SEQ" VARCHAR2(2 BYTE) NULL ,
"CREATEDBY" VARCHAR2(6 BYTE) NULL ,
"CREATEDTIME" DATE NULL ,
"MODIFIEDBY" VARCHAR2(6 BYTE) NULL ,
"MODIFIEDTIME" DATE NULL ,
"DELETEDTIME" DATE NULL 
)
LOGGING
NOCOMPRESS
NOCACHE

;

-- ----------------------------
-- Records of TB_STAGE
-- ----------------------------
INSERT INTO "PPMSUSER"."TB_STAGE" VALUES ('SC04', '熟练营业员', null, '4', '000000', null, null, null, null);
INSERT INTO "PPMSUSER"."TB_STAGE" VALUES ('SC05', '账务稽核', null, '5', '000000', null, null, null, null);
INSERT INTO "PPMSUSER"."TB_STAGE" VALUES ('SC06', '实习值班经理', null, '6', '000000', null, null, null, null);
INSERT INTO "PPMSUSER"."TB_STAGE" VALUES ('SC07', '值班经理', null, '7', '000000', null, null, null, null);
INSERT INTO "PPMSUSER"."TB_STAGE" VALUES ('SC08', '店长', null, '8', '000000', null, null, null, null);
INSERT INTO "PPMSUSER"."TB_STAGE" VALUES ('SC03', '营业员', null, '3', '000000', null, null, null, null);

-- ----------------------------
-- Table structure for TB_STANDARDCHECK
-- ----------------------------
DROP TABLE "PPMSUSER"."TB_STANDARDCHECK";
CREATE TABLE "PPMSUSER"."TB_STANDARDCHECK" (
"STANDARDCHECKID" VARCHAR2(10 BYTE) NOT NULL ,
"ORGID" NUMBER(8) NULL ,
"CHECKDATE" DATE NULL ,
"CHECKSCORE" NUMBER(7,2) NULL ,
"CREATEDBY" VARCHAR2(6 BYTE) NULL ,
"CREATEDTIME" DATE NULL ,
"MODIFIEDBY" VARCHAR2(6 BYTE) NULL ,
"MODIFIEDTIME" DATE NULL 
)
LOGGING
NOCOMPRESS
NOCACHE

;
COMMENT ON COLUMN "PPMSUSER"."TB_STANDARDCHECK"."ORGID" IS '营业厅编码';
COMMENT ON COLUMN "PPMSUSER"."TB_STANDARDCHECK"."CHECKDATE" IS '检查时间';
COMMENT ON COLUMN "PPMSUSER"."TB_STANDARDCHECK"."CHECKSCORE" IS '检查成绩';

-- ----------------------------
-- Records of TB_STANDARDCHECK
-- ----------------------------
INSERT INTO "PPMSUSER"."TB_STANDARDCHECK" VALUES ('37', '1', TO_DATE('2015-08-11 00:00:00', 'YYYY-MM-DD HH24:MI:SS'), '60', null, null, null, null);
INSERT INTO "PPMSUSER"."TB_STANDARDCHECK" VALUES ('331', '1', TO_DATE('2015-08-11 00:00:00', 'YYYY-MM-DD HH24:MI:SS'), '99', null, null, null, null);
INSERT INTO "PPMSUSER"."TB_STANDARDCHECK" VALUES ('222', '2', TO_DATE('2015-08-14 00:00:00', 'YYYY-MM-DD HH24:MI:SS'), '66', null, null, null, null);
INSERT INTO "PPMSUSER"."TB_STANDARDCHECK" VALUES ('260', '2', TO_DATE('2015-08-27 00:00:00', 'YYYY-MM-DD HH24:MI:SS'), '101', null, null, null, null);
INSERT INTO "PPMSUSER"."TB_STANDARDCHECK" VALUES ('330', '1', TO_DATE('2015-08-11 00:00:00', 'YYYY-MM-DD HH24:MI:SS'), '99', null, null, null, null);
INSERT INTO "PPMSUSER"."TB_STANDARDCHECK" VALUES ('332', '1', TO_DATE('2015-08-11 00:00:00', 'YYYY-MM-DD HH24:MI:SS'), '99', null, null, null, null);
INSERT INTO "PPMSUSER"."TB_STANDARDCHECK" VALUES ('333', '1', TO_DATE('2015-08-11 00:00:00', 'YYYY-MM-DD HH24:MI:SS'), '99', null, null, null, null);
INSERT INTO "PPMSUSER"."TB_STANDARDCHECK" VALUES ('335', '2', TO_DATE('2015-08-05 00:00:00', 'YYYY-MM-DD HH24:MI:SS'), '55', null, null, null, null);
INSERT INTO "PPMSUSER"."TB_STANDARDCHECK" VALUES ('107', '1', TO_DATE('2015-08-11 00:00:00', 'YYYY-MM-DD HH24:MI:SS'), '60', null, null, null, null);
INSERT INTO "PPMSUSER"."TB_STANDARDCHECK" VALUES ('221', '2', TO_DATE('2015-08-07 00:00:00', 'YYYY-MM-DD HH24:MI:SS'), '100', null, null, null, null);
INSERT INTO "PPMSUSER"."TB_STANDARDCHECK" VALUES ('256', '2', TO_DATE('2015-08-07 00:00:00', 'YYYY-MM-DD HH24:MI:SS'), '65', null, null, null, null);
INSERT INTO "PPMSUSER"."TB_STANDARDCHECK" VALUES ('223', '2', TO_DATE('2015-08-14 00:00:00', 'YYYY-MM-DD HH24:MI:SS'), '66', null, null, null, null);
INSERT INTO "PPMSUSER"."TB_STANDARDCHECK" VALUES ('224', '2', TO_DATE('2015-08-14 00:00:00', 'YYYY-MM-DD HH24:MI:SS'), '99', null, null, null, null);
INSERT INTO "PPMSUSER"."TB_STANDARDCHECK" VALUES ('258', '2', TO_DATE('2015-08-14 00:00:00', 'YYYY-MM-DD HH24:MI:SS'), '99', null, null, null, null);
INSERT INTO "PPMSUSER"."TB_STANDARDCHECK" VALUES ('322', '1', TO_DATE('2015-08-11 00:00:00', 'YYYY-MM-DD HH24:MI:SS'), '60', null, null, null, null);
INSERT INTO "PPMSUSER"."TB_STANDARDCHECK" VALUES ('323', '2', TO_DATE('2015-08-13 00:00:00', 'YYYY-MM-DD HH24:MI:SS'), '90', null, null, null, null);
INSERT INTO "PPMSUSER"."TB_STANDARDCHECK" VALUES ('324', '2', TO_DATE('2015-08-13 00:00:00', 'YYYY-MM-DD HH24:MI:SS'), '90', null, null, null, null);
INSERT INTO "PPMSUSER"."TB_STANDARDCHECK" VALUES ('326', '1', TO_DATE('2015-08-11 00:00:00', 'YYYY-MM-DD HH24:MI:SS'), '60', null, null, null, null);
INSERT INTO "PPMSUSER"."TB_STANDARDCHECK" VALUES ('327', '1', TO_DATE('2015-08-11 00:00:00', 'YYYY-MM-DD HH24:MI:SS'), '60', null, null, null, null);
INSERT INTO "PPMSUSER"."TB_STANDARDCHECK" VALUES ('328', '1', TO_DATE('2015-08-11 00:00:00', 'YYYY-MM-DD HH24:MI:SS'), '60', null, null, null, null);
INSERT INTO "PPMSUSER"."TB_STANDARDCHECK" VALUES ('329', '1', TO_DATE('2015-08-11 00:00:00', 'YYYY-MM-DD HH24:MI:SS'), '99', null, null, null, null);
INSERT INTO "PPMSUSER"."TB_STANDARDCHECK" VALUES ('334', '1', TO_DATE('2015-08-11 00:00:00', 'YYYY-MM-DD HH24:MI:SS'), '99', null, null, null, null);
INSERT INTO "PPMSUSER"."TB_STANDARDCHECK" VALUES ('219', '2', TO_DATE('2015-08-13 00:00:00', 'YYYY-MM-DD HH24:MI:SS'), '65', null, null, null, null);
INSERT INTO "PPMSUSER"."TB_STANDARDCHECK" VALUES ('220', '2', TO_DATE('2015-08-07 00:00:00', 'YYYY-MM-DD HH24:MI:SS'), '65', null, null, null, null);
INSERT INTO "PPMSUSER"."TB_STANDARDCHECK" VALUES ('325', '2', TO_DATE('2015-08-13 00:00:00', 'YYYY-MM-DD HH24:MI:SS'), '90', null, null, null, null);

-- ----------------------------
-- Table structure for TB_SUBAREA
-- ----------------------------
DROP TABLE "PPMSUSER"."TB_SUBAREA";
CREATE TABLE "PPMSUSER"."TB_SUBAREA" (
"SUBAREAID" NUMBER NOT NULL ,
"SUBAREADESC" VARCHAR2(50 BYTE) NULL ,
"STATUS" NUMBER(1) NULL ,
"CREATEDBY" VARCHAR2(6 BYTE) NULL ,
"CREATEDTIME" DATE DEFAULT SysDate  NULL ,
"MODIFIEDBY" VARCHAR2(6 BYTE) NULL ,
"MODIFIEDTIME" DATE NULL ,
"AREAID" NUMBER NULL 
)
LOGGING
NOCOMPRESS
NOCACHE

;

-- ----------------------------
-- Records of TB_SUBAREA
-- ----------------------------
INSERT INTO "PPMSUSER"."TB_SUBAREA" VALUES ('1', '高新区', '1', null, TO_DATE('2015-08-07 00:00:00', 'YYYY-MM-DD HH24:MI:SS'), null, null, '51');
INSERT INTO "PPMSUSER"."TB_SUBAREA" VALUES ('2', '东湖区', '1', null, TO_DATE('2015-08-07 00:00:00', 'YYYY-MM-DD HH24:MI:SS'), null, null, '51');
INSERT INTO "PPMSUSER"."TB_SUBAREA" VALUES ('3', '青山湖区', '1', null, TO_DATE('2015-08-07 00:00:00', 'YYYY-MM-DD HH24:MI:SS'), null, null, '51');
INSERT INTO "PPMSUSER"."TB_SUBAREA" VALUES ('4', '红谷滩新区', '1', null, TO_DATE('2015-08-07 00:00:00', 'YYYY-MM-DD HH24:MI:SS'), null, null, '52');

-- ----------------------------
-- Table structure for TB_SUBAREAORGRELATION
-- ----------------------------
DROP TABLE "PPMSUSER"."TB_SUBAREAORGRELATION";
CREATE TABLE "PPMSUSER"."TB_SUBAREAORGRELATION" (
"ORGAREAID" NUMBER(8) NOT NULL ,
"SUBAREAID" NUMBER NULL ,
"ORGID" NUMBER(8) NULL ,
"CREATEDBY" VARCHAR2(6 BYTE) NULL ,
"CREATEDTIME" DATE NULL ,
"MODIFIEDBY" VARCHAR2(6 BYTE) NULL ,
"MODIFIEDTIME" DATE NULL 
)
LOGGING
NOCOMPRESS
NOCACHE

;

-- ----------------------------
-- Records of TB_SUBAREAORGRELATION
-- ----------------------------
INSERT INTO "PPMSUSER"."TB_SUBAREAORGRELATION" VALUES ('13', '1', '1', null, null, null, null);
INSERT INTO "PPMSUSER"."TB_SUBAREAORGRELATION" VALUES ('14', '2', '2', null, null, null, null);

-- ----------------------------
-- Table structure for TB_SYSTEMFUNCTION
-- ----------------------------
DROP TABLE "PPMSUSER"."TB_SYSTEMFUNCTION";
CREATE TABLE "PPMSUSER"."TB_SYSTEMFUNCTION" (
"FUNCTIONID" VARCHAR2(30 BYTE) NOT NULL ,
"FUNCTIONNAME" VARCHAR2(256 BYTE) NULL ,
"FUNCTIONTYPE" NUMBER(1) NULL ,
"FUNCTIONURL" VARCHAR2(300 BYTE) NULL ,
"PARENTFUNCTIONID" VARCHAR2(30 BYTE) NULL ,
"SCOPE" NUMBER(1) NULL ,
"SEQ" VARCHAR2(30 BYTE) NULL ,
"CREATEDTIME" DATE NULL 
)
LOGGING
NOCOMPRESS
NOCACHE

;

-- ----------------------------
-- Records of TB_SYSTEMFUNCTION
-- ----------------------------
INSERT INTO "PPMSUSER"."TB_SYSTEMFUNCTION" VALUES ('343', '新员工考核成绩查询', '1', 'employeeTrainExam.freshEmployeeExam.freshEmployeeExamSearch', '34', null, '55', null);
INSERT INTO "PPMSUSER"."TB_SYSTEMFUNCTION" VALUES ('72', '营业厅奖惩信息管理', '0', null, '7', null, '103', null);
INSERT INTO "PPMSUSER"."TB_SYSTEMFUNCTION" VALUES ('1', '权限管理', '0', null, '0', null, '1', null);
INSERT INTO "PPMSUSER"."TB_SYSTEMFUNCTION" VALUES ('11', '角色增加', '1', 'authority.null.roleSingle', '1', null, '2', null);
INSERT INTO "PPMSUSER"."TB_SYSTEMFUNCTION" VALUES ('12', '角色查询', '1', 'authority.null.roleSearch', '1', null, '3', null);
INSERT INTO "PPMSUSER"."TB_SYSTEMFUNCTION" VALUES ('13', '角色修改', '1', 'authority.null.roleSearch.modify', '1', null, '4', null);
INSERT INTO "PPMSUSER"."TB_SYSTEMFUNCTION" VALUES ('14', '角色删除', '1', 'authority.null.roleSearch.delete', '1', null, '5', null);
INSERT INTO "PPMSUSER"."TB_SYSTEMFUNCTION" VALUES ('2', '人员综合信息管理', '0', null, '0', null, '6', null);
INSERT INTO "PPMSUSER"."TB_SYSTEMFUNCTION" VALUES ('21', '人员基本信息管理', '0', null, '2', null, '7', null);
INSERT INTO "PPMSUSER"."TB_SYSTEMFUNCTION" VALUES ('211', '人员基本信息单条录入', '1', 'userInfo.userBase.userBaseInfoSingle', '21', null, '8', null);
INSERT INTO "PPMSUSER"."TB_SYSTEMFUNCTION" VALUES ('212', '人员基本信息批量导入', '1', 'userInfo.userBase.userBaseInfoBatch', '21', null, '9', null);
INSERT INTO "PPMSUSER"."TB_SYSTEMFUNCTION" VALUES ('213', '人员基本信息批量修改', '1', 'userInfo.userBase.userBaseInfoBatchUpdateBySelectField', '21', null, '10', null);
INSERT INTO "PPMSUSER"."TB_SYSTEMFUNCTION" VALUES ('214', '人员基本信息查询', '1', 'userInfo.userBase.userBaseInfoSearch', '21', null, '11', null);
INSERT INTO "PPMSUSER"."TB_SYSTEMFUNCTION" VALUES ('215', '人员基本信息修改', '0', 'userInfo.userBase.userBaseInfoSearch.modify', '21', null, '12', null);
INSERT INTO "PPMSUSER"."TB_SYSTEMFUNCTION" VALUES ('216', '人员基本信息删除', '0', 'userInfo.userBase.userBaseInfoSearch.delete', '21', null, '13', null);
INSERT INTO "PPMSUSER"."TB_SYSTEMFUNCTION" VALUES ('217', '人员基本信息失效', '0', 'userInfo.userBase.userBaseInfoSearch.invaild', '21', null, '14', null);
INSERT INTO "PPMSUSER"."TB_SYSTEMFUNCTION" VALUES ('22', '员工成长档案查询', '0', null, '2', null, '15', null);
INSERT INTO "PPMSUSER"."TB_SYSTEMFUNCTION" VALUES ('221', '个人成长线路查询', '0', 'userInfo.growthFile.individualGrowthFileSearch', '22', null, '16', null);
INSERT INTO "PPMSUSER"."TB_SYSTEMFUNCTION" VALUES ('222', '人员阶段查询', '0', 'userInfo.growthFile.personnelGrowthFileSearch', '22', null, '17', null);
INSERT INTO "PPMSUSER"."TB_SYSTEMFUNCTION" VALUES ('23', '人员调厅记录查询', '0', null, '2', null, '18', null);
INSERT INTO "PPMSUSER"."TB_SYSTEMFUNCTION" VALUES ('231', '人员调厅记录查询', '1', 'userInfo.changeHall.changeHallSearch', '23', null, '19', null);
INSERT INTO "PPMSUSER"."TB_SYSTEMFUNCTION" VALUES ('232', '营业厅信息查询', '1', 'userInfo.changeHall.businessHallSearch', '23', null, '20', null);
INSERT INTO "PPMSUSER"."TB_SYSTEMFUNCTION" VALUES ('24', '店长测评 进阶查询', '0', null, '2', null, '21', null);
INSERT INTO "PPMSUSER"."TB_SYSTEMFUNCTION" VALUES ('241', '店长测评查询', '1', 'userInfo.hallKeeperExam.hallKeeperExamSearch', '24', null, '22', null);
INSERT INTO "PPMSUSER"."TB_SYSTEMFUNCTION" VALUES ('242', '店长进阶查询', '1', 'userInfo.hallKeeperExam.hallKeeperForwardSearch', '24', null, '23', null);
INSERT INTO "PPMSUSER"."TB_SYSTEMFUNCTION" VALUES ('25', '值班经理测评 进阶查询', '0', null, '2', null, '24', null);
INSERT INTO "PPMSUSER"."TB_SYSTEMFUNCTION" VALUES ('251', '值班经理测评查询', '1', 'userInfo.managerExam.managerExamSearch', '25', null, '25', null);
INSERT INTO "PPMSUSER"."TB_SYSTEMFUNCTION" VALUES ('252', '值班经理进阶查询', '1', 'userInfo.managerExam.managerForwardSearch', '25', null, '26', null);
INSERT INTO "PPMSUSER"."TB_SYSTEMFUNCTION" VALUES ('26', '合作厅上岗证查询', '0', null, '2', null, '27', null);
INSERT INTO "PPMSUSER"."TB_SYSTEMFUNCTION" VALUES ('261', '上岗证单条录入', '1', 'userInfo.mountGuardCard.mountGuardCardSingle', '26', null, '28', null);
INSERT INTO "PPMSUSER"."TB_SYSTEMFUNCTION" VALUES ('262', '上岗证批量导入', '1', 'userInfo.mountGuardCard.mountGuardCardBatch', '26', null, '29', null);
INSERT INTO "PPMSUSER"."TB_SYSTEMFUNCTION" VALUES ('263', '上岗证查询', '1', 'userInfo.mountGuardCard.mountGuardCardSearch', '26', null, '30', null);
INSERT INTO "PPMSUSER"."TB_SYSTEMFUNCTION" VALUES ('264', '上岗证修改', '0', 'userInfo.mountGuardCard.mountGuardCardSearch.modify', '26', null, '31', null);
INSERT INTO "PPMSUSER"."TB_SYSTEMFUNCTION" VALUES ('265', '上岗证删除', '0', 'userInfo.mountGuardCard.mountGuardCardSearch.delete', '26', null, '32', null);
INSERT INTO "PPMSUSER"."TB_SYSTEMFUNCTION" VALUES ('3', '员工培训/考试管理', '0', null, '0', null, '33', null);
INSERT INTO "PPMSUSER"."TB_SYSTEMFUNCTION" VALUES ('31', '月度考试管理', '0', null, '3', null, '34', null);
INSERT INTO "PPMSUSER"."TB_SYSTEMFUNCTION" VALUES ('311', '月度考试成绩单条录入', '1', 'employeeTrainExam.monthExam.monthExamSingle', '31', null, '35', null);
INSERT INTO "PPMSUSER"."TB_SYSTEMFUNCTION" VALUES ('312', '月度考试成绩批量导入', '1', 'employeeTrainExam.monthExam.monthExamBatch', '31', null, '36', null);
INSERT INTO "PPMSUSER"."TB_SYSTEMFUNCTION" VALUES ('313', '月度考试成绩查询', '1', 'employeeTrainExam.monthExam.monthExamSearch', '31', null, '37', null);
INSERT INTO "PPMSUSER"."TB_SYSTEMFUNCTION" VALUES ('314', '月度考试成绩修改', '0', 'employeeTrainExam.monthExam.monthExamSearch.modify', '31', null, '38', null);
INSERT INTO "PPMSUSER"."TB_SYSTEMFUNCTION" VALUES ('315', '月度考试成绩删除', '0', 'employeeTrainExam.monthExam.monthExamSearch.delete', '31', null, '39', null);
INSERT INTO "PPMSUSER"."TB_SYSTEMFUNCTION" VALUES ('32', '业务培训管理', '0', null, '3', null, '40', null);
INSERT INTO "PPMSUSER"."TB_SYSTEMFUNCTION" VALUES ('321', '业务培训成绩单条录入', '1', 'employeeTrainExam.operationTrain.operationTrainSingle', '32', null, '41', null);
INSERT INTO "PPMSUSER"."TB_SYSTEMFUNCTION" VALUES ('322', '业务培训成绩批量导入', '1', 'employeeTrainExam.operationTrain.operationTrainBatch', '32', null, '42', null);
INSERT INTO "PPMSUSER"."TB_SYSTEMFUNCTION" VALUES ('323', '业务培训成绩查询', '1', 'employeeTrainExam.operationTrain.operationTrainSearch', '32', null, '43', null);
INSERT INTO "PPMSUSER"."TB_SYSTEMFUNCTION" VALUES ('324', '业务培训成绩修改', '0', 'employeeTrainExam.operationTrain.operationTrainSearch.nodify', '32', null, '44', null);
INSERT INTO "PPMSUSER"."TB_SYSTEMFUNCTION" VALUES ('325', '业务培训成绩删除', '0', 'employeeTrainExam.operationTrain.operationTrainSearch.delete', '32', null, '45', null);
INSERT INTO "PPMSUSER"."TB_SYSTEMFUNCTION" VALUES ('33', '进阶培训管理', '0', null, '3', null, '46', null);
INSERT INTO "PPMSUSER"."TB_SYSTEMFUNCTION" VALUES ('331', '进阶培训成绩单条录入', '1', 'employeeTrainExam.promoteTrain.promoteTrainSingle', '33', null, '47', null);
INSERT INTO "PPMSUSER"."TB_SYSTEMFUNCTION" VALUES ('332', '进阶培训成绩批量导入', '1', 'employeeTrainExam.promoteTrain.promoteTrainBatch', '33', null, '48', null);
INSERT INTO "PPMSUSER"."TB_SYSTEMFUNCTION" VALUES ('333', '进阶培训成绩查询', '1', 'employeeTrainExam.promoteTrain.promoteTrainSearch', '33', null, '49', null);
INSERT INTO "PPMSUSER"."TB_SYSTEMFUNCTION" VALUES ('334', '进阶培训成绩修改', '0', 'employeeTrainExam.promoteTrain.promoteTrainSearch.modify', '33', null, '50', null);
INSERT INTO "PPMSUSER"."TB_SYSTEMFUNCTION" VALUES ('335', '进阶培训成绩删除', '0', 'employeeTrainExam.promoteTrain.promoteTrainSearch.delete', '33', null, '51', null);
INSERT INTO "PPMSUSER"."TB_SYSTEMFUNCTION" VALUES ('34', '新员工/转正考核管理', '0', null, '3', null, '52', null);
INSERT INTO "PPMSUSER"."TB_SYSTEMFUNCTION" VALUES ('341', '新员工考核成绩单条录入', '1', 'employeeTrainExam.freshEmployeeExam.freshEmployeeExamSingle', '34', null, '53', null);
INSERT INTO "PPMSUSER"."TB_SYSTEMFUNCTION" VALUES ('342', '新员工考核成绩批量导入', '1', 'employeeTrainExam.freshEmployeeExam.freshEmployeeExamBatch', '34', null, '54', null);
INSERT INTO "PPMSUSER"."TB_SYSTEMFUNCTION" VALUES ('344', '新员工考核成绩修改', '0', 'employeeTrainExam.freshEmployeeExam.freshEmployeeExamBatch.modify', '34', null, '56', null);
INSERT INTO "PPMSUSER"."TB_SYSTEMFUNCTION" VALUES ('345', '新员工考核成绩删除', '0', 'employeeTrainExam.freshEmployeeExam.freshEmployeeExamBatch.delete', '34', null, '57', null);
INSERT INTO "PPMSUSER"."TB_SYSTEMFUNCTION" VALUES ('346', '转正考核成绩单条录入', '1', 'employeeTrainExam.freshEmployeeExam.becomeEmployeeSingle', '34', null, '58', null);
INSERT INTO "PPMSUSER"."TB_SYSTEMFUNCTION" VALUES ('347', '转正考核成绩批量导入', '1', 'employeeTrainExam.freshEmployeeExam.becomeEmployeeBatch', '34', null, '59', null);
INSERT INTO "PPMSUSER"."TB_SYSTEMFUNCTION" VALUES ('348', '转正考核成绩查询', '1', 'employeeTrainExam.freshEmployeeExam.becomeEmployeeSearch', '34', null, '60', null);
INSERT INTO "PPMSUSER"."TB_SYSTEMFUNCTION" VALUES ('349', '转正考核成绩修改', '0', 'employeeTrainExam.freshEmployeeExam.becomeEmployeeSearch.modify', '34', null, '61', null);
INSERT INTO "PPMSUSER"."TB_SYSTEMFUNCTION" VALUES ('3410', '转正考核成绩删除', '0', 'employeeTrainExam.freshEmployeeExam.becomeEmployeeSearch.delete', '34', null, '62', null);
INSERT INTO "PPMSUSER"."TB_SYSTEMFUNCTION" VALUES ('4', '标准化和暗访管理', '0', null, '0', null, '63', null);
INSERT INTO "PPMSUSER"."TB_SYSTEMFUNCTION" VALUES ('41', '标准化检查成绩管理', '0', null, '4', null, '64', null);
INSERT INTO "PPMSUSER"."TB_SYSTEMFUNCTION" VALUES ('411', '标准化检查成绩单条录入', '1', 'standardVisit.standard.standardSingle', '41', null, '65', null);
INSERT INTO "PPMSUSER"."TB_SYSTEMFUNCTION" VALUES ('412', '标准化检查成绩批量导入', '1', 'standardVisit.standard.standardBatch', '41', null, '66', null);
INSERT INTO "PPMSUSER"."TB_SYSTEMFUNCTION" VALUES ('413', '标准化检查成绩查询', '1', 'tandardVisit.standard.standardSearch', '41', null, '67', null);
INSERT INTO "PPMSUSER"."TB_SYSTEMFUNCTION" VALUES ('42', '监控检查成绩管理', '0', null, '4', null, '69', null);
INSERT INTO "PPMSUSER"."TB_SYSTEMFUNCTION" VALUES ('421', '监控检查成绩单条录入', '1', 'standardVisit.monitor.monitorSingle', '42', null, '70', null);
INSERT INTO "PPMSUSER"."TB_SYSTEMFUNCTION" VALUES ('422', '监控检查成绩批量导入', '1', 'standardVisit.monitor.monitorBatch', '42', null, '71', null);
INSERT INTO "PPMSUSER"."TB_SYSTEMFUNCTION" VALUES ('423', '监控检查成绩查询', '1', 'standardVisit.monitor.monitorSearch', '42', null, '72', null);
INSERT INTO "PPMSUSER"."TB_SYSTEMFUNCTION" VALUES ('424', '监控检查成绩修改', '0', 'standardVisit.monitor.monitorSearch.modify', '42', null, '73', null);
INSERT INTO "PPMSUSER"."TB_SYSTEMFUNCTION" VALUES ('43', '暗访检查成绩管理', '0', null, '4', null, '75', null);
INSERT INTO "PPMSUSER"."TB_SYSTEMFUNCTION" VALUES ('431', '暗访检查成绩单条录入', '1', 'standardVisit.visit.visitSingle', '43', null, '76', null);
INSERT INTO "PPMSUSER"."TB_SYSTEMFUNCTION" VALUES ('432', '暗访检查成绩批量导入', '1', 'standardVisit.visit.visitBatch', '43', null, '77', null);
INSERT INTO "PPMSUSER"."TB_SYSTEMFUNCTION" VALUES ('433', '暗访检查成绩查询', '1', 'standardVisit.visit.visitSearch', '43', null, '78', null);
INSERT INTO "PPMSUSER"."TB_SYSTEMFUNCTION" VALUES ('44', '业务差错检查成绩管理', '0', null, '4', null, '80', null);
INSERT INTO "PPMSUSER"."TB_SYSTEMFUNCTION" VALUES ('441', '业务差错单条录入', '1', 'standardVisit.operationMistake.operationMistakeSingle', '44', null, '81', null);
INSERT INTO "PPMSUSER"."TB_SYSTEMFUNCTION" VALUES ('442', '业务差错批量导入', '1', 'standardVisit.operationMistake.operationMistakeBatch', '44', null, '82', null);
INSERT INTO "PPMSUSER"."TB_SYSTEMFUNCTION" VALUES ('443', '业务差错查询', '1', 'standardVisit.operationMistake.operationMistakeSearch', '44', null, '83', null);
INSERT INTO "PPMSUSER"."TB_SYSTEMFUNCTION" VALUES ('444', '业务差错修改', '0', 'standardVisit.operationMistake.operationMistakeSearch.modify', '44', null, '84', null);
INSERT INTO "PPMSUSER"."TB_SYSTEMFUNCTION" VALUES ('5', '积分管理', '0', null, '0', null, '86', null);
INSERT INTO "PPMSUSER"."TB_SYSTEMFUNCTION" VALUES ('51', '积分批量导入', '1', 'integral.null.integralBatch', '5', null, '87', null);
INSERT INTO "PPMSUSER"."TB_SYSTEMFUNCTION" VALUES ('52', '积分查询', '0', 'integral.null.integralSearch', '5', null, '88', null);
INSERT INTO "PPMSUSER"."TB_SYSTEMFUNCTION" VALUES ('6', '创新管理', '0', null, '0', null, '90', null);
INSERT INTO "PPMSUSER"."TB_SYSTEMFUNCTION" VALUES ('61', '创新提案单条录入', '1', 'innovation.null.innovationSingle', '6', null, '91', null);
INSERT INTO "PPMSUSER"."TB_SYSTEMFUNCTION" VALUES ('62', '创新提案批量导入', '1', 'innovation.null.innovationBatch', '6', null, '92', null);
INSERT INTO "PPMSUSER"."TB_SYSTEMFUNCTION" VALUES ('63', '创新提案查询', '1', 'innovation.null.innovationSearch', '6', null, '93', null);
INSERT INTO "PPMSUSER"."TB_SYSTEMFUNCTION" VALUES ('65', '创新提案删除', '0', 'innovation.null.innovationSearch.delete', '6', null, '95', null);
INSERT INTO "PPMSUSER"."TB_SYSTEMFUNCTION" VALUES ('7', '奖惩管理', '0', null, '0', null, '96', null);
INSERT INTO "PPMSUSER"."TB_SYSTEMFUNCTION" VALUES ('71', '员工奖惩信息管理', '0', null, '7', null, '97', null);
INSERT INTO "PPMSUSER"."TB_SYSTEMFUNCTION" VALUES ('711', '员工奖惩信息单条录入', '1', 'praiseCriticism.employee.employeePraiseCriticismSingle', '71', null, '98', null);
INSERT INTO "PPMSUSER"."TB_SYSTEMFUNCTION" VALUES ('712', '员工奖惩信息批量导入', '1', 'praiseCriticism.employee.employeePraiseCriticismBatch', '71', null, '99', null);
INSERT INTO "PPMSUSER"."TB_SYSTEMFUNCTION" VALUES ('713', '员工奖惩信息查询', '1', 'praiseCriticism.employee.employeePraiseCriticismSearch', '71', null, '100', null);
INSERT INTO "PPMSUSER"."TB_SYSTEMFUNCTION" VALUES ('721', '营业厅奖惩信息单条录入', '1', 'praiseCriticism.businessHall.businessHallPraiseCriticismSingle', '72', null, '104', null);
INSERT INTO "PPMSUSER"."TB_SYSTEMFUNCTION" VALUES ('722', '营业厅奖惩信息批量导入', '1', 'praiseCriticism.businessHall.businessHallPraiseCriticismBatch', '72', null, '105', null);
INSERT INTO "PPMSUSER"."TB_SYSTEMFUNCTION" VALUES ('723', '营业厅奖惩信息查询', '1', 'praiseCriticism.businessHall.businessHallPraiseCriticismSearch', '72', null, '106', null);
INSERT INTO "PPMSUSER"."TB_SYSTEMFUNCTION" VALUES ('724', '营业厅奖惩信息修改', '0', 'praiseCriticism.businessHall.businessHallPraiseCriticismSearch.modify', '72', null, '107', null);
INSERT INTO "PPMSUSER"."TB_SYSTEMFUNCTION" VALUES ('8', '绩效管理', '0', null, '0', null, '109', null);
INSERT INTO "PPMSUSER"."TB_SYSTEMFUNCTION" VALUES ('81', '月度绩效管理', '0', null, '8', null, '110', null);
INSERT INTO "PPMSUSER"."TB_SYSTEMFUNCTION" VALUES ('811', '月度绩效未提交事项提醒', '1', 'performance.month.monthPerformanceRemind', '81', null, '111', null);
INSERT INTO "PPMSUSER"."TB_SYSTEMFUNCTION" VALUES ('812', '月度绩效单条录入', '1', 'performance.month.monthPerformanceSingle', '81', null, '112', null);
INSERT INTO "PPMSUSER"."TB_SYSTEMFUNCTION" VALUES ('813', '月度绩效批量导入', '1', 'performance.month.monthPerformanceBatch', '81', null, '113', null);
INSERT INTO "PPMSUSER"."TB_SYSTEMFUNCTION" VALUES ('814', '月度绩效查询', '1', 'performance.month.monthPerformanceSearch', '81', null, '114', null);
INSERT INTO "PPMSUSER"."TB_SYSTEMFUNCTION" VALUES ('816', '月度绩效修改', '0', 'performance.month.monthPerformanceSearch.modify', '81', null, '116', null);
INSERT INTO "PPMSUSER"."TB_SYSTEMFUNCTION" VALUES ('819', '月度绩效评分标准更新', '0', 'performance.month.monthPerformanceSearch.modifyStandard', '81', null, '119', null);
INSERT INTO "PPMSUSER"."TB_SYSTEMFUNCTION" VALUES ('82', '年度绩效管理', '0', null, '8', null, '122', null);
INSERT INTO "PPMSUSER"."TB_SYSTEMFUNCTION" VALUES ('821', '年度绩效单条录入', '1', 'performance.year.yearPerformanceSingle', '82', null, '123', null);
INSERT INTO "PPMSUSER"."TB_SYSTEMFUNCTION" VALUES ('822', '年度绩效批量导入', '1', 'performance.year.yearPerformanceBatch', '82', null, '124', null);
INSERT INTO "PPMSUSER"."TB_SYSTEMFUNCTION" VALUES ('824', '年度绩效修改', '0', 'performance.year.yearPerformanceSearch.modify', '82', null, '126', null);
INSERT INTO "PPMSUSER"."TB_SYSTEMFUNCTION" VALUES ('823', '年度绩效查询', '1', 'performance.year.yearPerformanceSearch', '82', null, '125', null);
INSERT INTO "PPMSUSER"."TB_SYSTEMFUNCTION" VALUES ('825', '年度绩效删除', '0', 'performance.year.yearPerformanceSearch.delete', '82', null, '127', null);
INSERT INTO "PPMSUSER"."TB_SYSTEMFUNCTION" VALUES ('826', '年度绩效评分标准上传', '0', 'performance.year.yearPerformanceSearch.inputStandard', '82', null, '128', null);
INSERT INTO "PPMSUSER"."TB_SYSTEMFUNCTION" VALUES ('828', '年度绩效评分标准删除', '0', 'performance.year.yearPerformanceSearch.deleteStandard', '82', null, '129', null);
INSERT INTO "PPMSUSER"."TB_SYSTEMFUNCTION" VALUES ('829', '年度绩效评分标准查看', '0', 'performance.year.yearPerformanceSearch.detailStandard', '82', null, '130', null);
INSERT INTO "PPMSUSER"."TB_SYSTEMFUNCTION" VALUES ('9', '其它', '0', null, '0', null, '131', null);
INSERT INTO "PPMSUSER"."TB_SYSTEMFUNCTION" VALUES ('91', '批量导入模板下载', '1', 'other.null.batchImportTempletList', '9', null, '132', null);
INSERT INTO "PPMSUSER"."TB_SYSTEMFUNCTION" VALUES ('92', '系统设定', '1', 'other.null.otherSystemSetting', '9', null, '133', null);
INSERT INTO "PPMSUSER"."TB_SYSTEMFUNCTION" VALUES ('414', '标准化检查成绩修改', '0', 'tandardVisit.standard.standardSearch.modify', '41', null, '68', null);
INSERT INTO "PPMSUSER"."TB_SYSTEMFUNCTION" VALUES ('425', '监控检查成绩删除', '0', 'standardVisit.monitor.monitorSearch.delete', '42', null, '74', null);
INSERT INTO "PPMSUSER"."TB_SYSTEMFUNCTION" VALUES ('434', '暗访检查成绩修改', '1', 'standardVisit.visit.visitSearch.modify', '43', null, '79', null);
INSERT INTO "PPMSUSER"."TB_SYSTEMFUNCTION" VALUES ('445', '业务差错删除', '0', 'standardVisit.operationMistake.operationMistakeSearch.delete', '44', null, '85', null);
INSERT INTO "PPMSUSER"."TB_SYSTEMFUNCTION" VALUES ('53', '积分删除', '0', 'integral.null.integralSearch.delete', '5', null, '89', null);
INSERT INTO "PPMSUSER"."TB_SYSTEMFUNCTION" VALUES ('64', '创新提案修改', '0', 'innovation.null.innovationSearch.modify', '6', null, '94', null);
INSERT INTO "PPMSUSER"."TB_SYSTEMFUNCTION" VALUES ('714', '员工奖惩信息修改', '0', 'praiseCriticism.employee.employeePraiseCriticismSearch.modify', '71', null, '101', null);
INSERT INTO "PPMSUSER"."TB_SYSTEMFUNCTION" VALUES ('715', '员工奖惩信息删除', '0', 'praiseCriticism.employee.employeePraiseCriticismSearch.delete', '71', null, '102', null);
INSERT INTO "PPMSUSER"."TB_SYSTEMFUNCTION" VALUES ('725', '营业厅奖惩信息删除', '0', 'praiseCriticism.businessHall.businessHallPraiseCriticismSearch.delete', '72', null, '108', null);
INSERT INTO "PPMSUSER"."TB_SYSTEMFUNCTION" VALUES ('815', '月度绩效上传功能开通', '0', 'performance.month.monthPerformanceOpen', '81', null, '115', null);
INSERT INTO "PPMSUSER"."TB_SYSTEMFUNCTION" VALUES ('817', '月度绩效删除', '0', 'performance.month.monthPerformanceSearch.delete', '81', null, '117', null);
INSERT INTO "PPMSUSER"."TB_SYSTEMFUNCTION" VALUES ('818', '月度绩效评分标准上传', '0', 'performance.month.monthPerformanceSearch.inputStandard', '81', null, '118', null);
INSERT INTO "PPMSUSER"."TB_SYSTEMFUNCTION" VALUES ('8110', '月度绩效评分标准删除', '0', 'performance.month.monthPerformanceSearch.deleteStandard', '81', null, '120', null);
INSERT INTO "PPMSUSER"."TB_SYSTEMFUNCTION" VALUES ('8111', '月度绩效评分标准查看', '0', 'performance.month.monthPerformanceSearch.detailStandard', '81', null, '121', null);

-- ----------------------------
-- Table structure for TB_SYSTEMSETTINGS
-- ----------------------------
DROP TABLE "PPMSUSER"."TB_SYSTEMSETTINGS";
CREATE TABLE "PPMSUSER"."TB_SYSTEMSETTINGS" (
"SETTINGSID" VARCHAR2(6 BYTE) NOT NULL ,
"MASTERTYPE1" VARCHAR2(30 BYTE) NULL ,
"KEY1" VARCHAR2(30 BYTE) NULL ,
"MASTERTYPE2" VARCHAR2(30 BYTE) NULL ,
"KEY2" VARCHAR2(30 BYTE) NULL ,
"VALUE" VARCHAR2(12 BYTE) NULL ,
"VALUETYPE" NUMBER(1) NULL ,
"CREATEDBY" VARCHAR2(6 BYTE) NULL ,
"CREATEDTIME" DATE NULL ,
"MODIFIEDBY" VARCHAR2(6 BYTE) NULL ,
"MODIFIEDTIME" DATE NULL 
)
LOGGING
NOCOMPRESS
NOCACHE

;

-- ----------------------------
-- Records of TB_SYSTEMSETTINGS
-- ----------------------------

-- ----------------------------
-- Table structure for TB_VISITCHECK
-- ----------------------------
DROP TABLE "PPMSUSER"."TB_VISITCHECK";
CREATE TABLE "PPMSUSER"."TB_VISITCHECK" (
"VISITCHECKID" VARCHAR2(10 BYTE) NOT NULL ,
"ORGID" NUMBER(8) NULL ,
"CHECKDATE" DATE NULL ,
"FIRSTSCORE" NUMBER(7,2) NULL ,
"SECONDSCORE" NUMBER(7,2) NULL ,
"CONSISTENCYSCORE" NUMBER(7,2) NULL ,
"AVERAGESCORE" NUMBER(7,2) NULL ,
"CREATEDBY" VARCHAR2(6 BYTE) NULL ,
"CREATEDTIME" DATE NULL ,
"MODIFIEDBY" VARCHAR2(6 BYTE) NULL ,
"MODIFIEDTIME" DATE NULL 
)
LOGGING
NOCOMPRESS
NOCACHE

;
COMMENT ON COLUMN "PPMSUSER"."TB_VISITCHECK"."ORGID" IS '营业厅编码';
COMMENT ON COLUMN "PPMSUSER"."TB_VISITCHECK"."CHECKDATE" IS '检查时间';
COMMENT ON COLUMN "PPMSUSER"."TB_VISITCHECK"."FIRSTSCORE" IS '第一次';
COMMENT ON COLUMN "PPMSUSER"."TB_VISITCHECK"."SECONDSCORE" IS '第二次';
COMMENT ON COLUMN "PPMSUSER"."TB_VISITCHECK"."CONSISTENCYSCORE" IS '一致性';
COMMENT ON COLUMN "PPMSUSER"."TB_VISITCHECK"."AVERAGESCORE" IS '均分';

-- ----------------------------
-- Records of TB_VISITCHECK
-- ----------------------------
INSERT INTO "PPMSUSER"."TB_VISITCHECK" VALUES ('105', '1', TO_DATE('2015-08-11 00:00:00', 'YYYY-MM-DD HH24:MI:SS'), '62', '72', '80', null, null, null, null, null);
INSERT INTO "PPMSUSER"."TB_VISITCHECK" VALUES ('38', '1', TO_DATE('2015-08-11 00:00:00', 'YYYY-MM-DD HH24:MI:SS'), '62', '72', '80', null, null, null, null, null);
INSERT INTO "PPMSUSER"."TB_VISITCHECK" VALUES ('106', '1', TO_DATE('2015-08-11 00:00:00', 'YYYY-MM-DD HH24:MI:SS'), '62', '72', '80', null, null, null, null, null);
INSERT INTO "PPMSUSER"."TB_VISITCHECK" VALUES ('364', '2', TO_DATE('2015-08-12 00:00:00', 'YYYY-MM-DD HH24:MI:SS'), '55', '55', '77', '62.33', null, null, null, null);

-- ----------------------------
-- Sequence structure for AUTOID
-- ----------------------------
DROP SEQUENCE "PPMSUSER"."AUTOID";
CREATE SEQUENCE "PPMSUSER"."AUTOID"
 INCREMENT BY 1
 MINVALUE 1
 MAXVALUE 9999999999999999999999999999
 START WITH 541
 CACHE 20;

-- ----------------------------
-- Indexes structure for table C_ORGANIZATION_NJ
-- ----------------------------

-- ----------------------------
-- Triggers structure for table C_ORGANIZATION_NJ
-- ----------------------------
CREATE OR REPLACE TRIGGER "PPMSUSER"."TRIGGER_C_ORGANIZATION_NJ" BEFORE INSERT ON "PPMSUSER"."C_ORGANIZATION_NJ" REFERENCING OLD AS "OLD" NEW AS "NEW" FOR EACH ROW ENABLE
begin  
   if inserting then 
      if :NEW."ORGAREAID" is null then 
         select AUTOID.nextval into :NEW."ORGAREAID" from dual; 
      end if; 
   end if; 
end;
-- ----------------------------
-- Checks structure for table C_ORGANIZATION_NJ
-- ----------------------------
ALTER TABLE "PPMSUSER"."C_ORGANIZATION_NJ" ADD CHECK ("ORGAREAID" IS NOT NULL);

-- ----------------------------
-- Primary Key structure for table C_ORGANIZATION_NJ
-- ----------------------------
ALTER TABLE "PPMSUSER"."C_ORGANIZATION_NJ" ADD PRIMARY KEY ("ORGAREAID");

-- ----------------------------
-- Indexes structure for table C_USER_INFO
-- ----------------------------

-- ----------------------------
-- Triggers structure for table C_USER_INFO
-- ----------------------------
CREATE OR REPLACE TRIGGER "PPMSUSER"."TRIGGER_C_USER_INFO" BEFORE INSERT ON "PPMSUSER"."C_USER_INFO" REFERENCING OLD AS "OLD" NEW AS "NEW" FOR EACH ROW ENABLE
begin  
   if inserting then 
      if :NEW."OPERID" is null then 
         select AUTOID.nextval into :NEW."OPERID" from dual; 
      end if; 
   end if; 
end;
-- ----------------------------
-- Checks structure for table C_USER_INFO
-- ----------------------------
ALTER TABLE "PPMSUSER"."C_USER_INFO" ADD CHECK ("OPERID" IS NOT NULL);

-- ----------------------------
-- Primary Key structure for table C_USER_INFO
-- ----------------------------
ALTER TABLE "PPMSUSER"."C_USER_INFO" ADD PRIMARY KEY ("OPERID");

-- ----------------------------
-- Indexes structure for table OPERATOR_NJ
-- ----------------------------

-- ----------------------------
-- Triggers structure for table OPERATOR_NJ
-- ----------------------------
CREATE OR REPLACE TRIGGER "PPMSUSER"."TRIGGER_OPERATOR_NJ" BEFORE INSERT ON "PPMSUSER"."OPERATOR_NJ" REFERENCING OLD AS "OLD" NEW AS "NEW" FOR EACH ROW ENABLE
begin  
   if inserting then 
      if :NEW."OPERATORID" is null then 
         select AUTOID.nextval into :NEW."OPERATORID" from dual; 
      end if; 
   end if; 
end;
-- ----------------------------
-- Checks structure for table OPERATOR_NJ
-- ----------------------------
ALTER TABLE "PPMSUSER"."OPERATOR_NJ" ADD CHECK ("OPERATORID" IS NOT NULL);

-- ----------------------------
-- Primary Key structure for table OPERATOR_NJ
-- ----------------------------
ALTER TABLE "PPMSUSER"."OPERATOR_NJ" ADD PRIMARY KEY ("OPERATORID");

-- ----------------------------
-- Indexes structure for table ORGANIZATION_NJ
-- ----------------------------

-- ----------------------------
-- Triggers structure for table ORGANIZATION_NJ
-- ----------------------------
CREATE OR REPLACE TRIGGER "PPMSUSER"."TRIGGER_ORGANIZATION_NJ" BEFORE INSERT ON "PPMSUSER"."ORGANIZATION_NJ" REFERENCING OLD AS "OLD" NEW AS "NEW" FOR EACH ROW ENABLE
begin  
   if inserting then 
      if :NEW."ORGID" is null then 
         select AUTOID.nextval into :NEW."ORGID" from dual; 
      end if; 
   end if; 
end;
-- ----------------------------
-- Checks structure for table ORGANIZATION_NJ
-- ----------------------------
ALTER TABLE "PPMSUSER"."ORGANIZATION_NJ" ADD CHECK ("ORGID" IS NOT NULL);

-- ----------------------------
-- Primary Key structure for table ORGANIZATION_NJ
-- ----------------------------
ALTER TABLE "PPMSUSER"."ORGANIZATION_NJ" ADD PRIMARY KEY ("ORGID");

-- ----------------------------
-- Indexes structure for table TB_AREA
-- ----------------------------

-- ----------------------------
-- Checks structure for table TB_AREA
-- ----------------------------
ALTER TABLE "PPMSUSER"."TB_AREA" ADD CHECK ("AREAID" IS NOT NULL);

-- ----------------------------
-- Primary Key structure for table TB_AREA
-- ----------------------------
ALTER TABLE "PPMSUSER"."TB_AREA" ADD PRIMARY KEY ("AREAID");

-- ----------------------------
-- Indexes structure for table TB_AREAORGRELATION
-- ----------------------------

-- ----------------------------
-- Triggers structure for table TB_AREAORGRELATION
-- ----------------------------
CREATE OR REPLACE TRIGGER "PPMSUSER"."TRIGGER_AREAORGRELATION" BEFORE INSERT ON "PPMSUSER"."TB_AREAORGRELATION" REFERENCING OLD AS "OLD" NEW AS "NEW" FOR EACH ROW ENABLE
begin  
   if inserting then 
      if :NEW."AREAORGID" is null then 
         select AUTOID.nextval into :NEW."AREAORGID" from dual; 
      end if; 
   end if; 
end;
-- ----------------------------
-- Checks structure for table TB_AREAORGRELATION
-- ----------------------------
ALTER TABLE "PPMSUSER"."TB_AREAORGRELATION" ADD CHECK ("AREAORGID" IS NOT NULL);

-- ----------------------------
-- Primary Key structure for table TB_AREAORGRELATION
-- ----------------------------
ALTER TABLE "PPMSUSER"."TB_AREAORGRELATION" ADD PRIMARY KEY ("AREAORGID");

-- ----------------------------
-- Indexes structure for table TB_BECOMEEMPLOYEEEXAM
-- ----------------------------

-- ----------------------------
-- Triggers structure for table TB_BECOMEEMPLOYEEEXAM
-- ----------------------------
CREATE OR REPLACE TRIGGER "PPMSUSER"."TRIGGER_BECOMEEMPLOYYEEEXAM" BEFORE INSERT ON "PPMSUSER"."TB_BECOMEEMPLOYEEEXAM" REFERENCING OLD AS "OLD" NEW AS "NEW" FOR EACH ROW ENABLE
begin  
   if inserting then 
      if :NEW."EXAMID" is null then 
         select AUTOID.nextval into :NEW."EXAMID" from dual; 
      end if; 
   end if; 
end;CREATE OR REPLACE TRIGGER "PPMSUSER"."TRIGGER_TB_BECOMEEMPLOYEEEXAM" BEFORE INSERT ON "PPMSUSER"."TB_BECOMEEMPLOYEEEXAM" REFERENCING OLD AS "OLD" NEW AS "NEW" FOR EACH ROW ENABLE
begin  
   if inserting then 
      if :NEW."EXAMID" is null then 
         select AUTOID.nextval into :NEW."EXAMID" from dual; 
      end if; 
   end if; 
end;
-- ----------------------------
-- Checks structure for table TB_BECOMEEMPLOYEEEXAM
-- ----------------------------
ALTER TABLE "PPMSUSER"."TB_BECOMEEMPLOYEEEXAM" ADD CHECK ("EXAMID" IS NOT NULL);

-- ----------------------------
-- Primary Key structure for table TB_BECOMEEMPLOYEEEXAM
-- ----------------------------
ALTER TABLE "PPMSUSER"."TB_BECOMEEMPLOYEEEXAM" ADD PRIMARY KEY ("EXAMID");

-- ----------------------------
-- Indexes structure for table TB_CHANGEJOBHISTORY
-- ----------------------------

-- ----------------------------
-- Triggers structure for table TB_CHANGEJOBHISTORY
-- ----------------------------
CREATE OR REPLACE TRIGGER "PPMSUSER"."TRIGGER_TB_CHANGEJOBHISTORY" BEFORE INSERT ON "PPMSUSER"."TB_CHANGEJOBHISTORY" REFERENCING OLD AS "OLD" NEW AS "NEW" FOR EACH ROW ENABLE
begin  
   if inserting then 
      if :NEW."JOBHISTORYID" is null then 
         select AUTOID.nextval into :NEW."JOBHISTORYID" from dual; 
      end if; 
   end if; 
end;
-- ----------------------------
-- Checks structure for table TB_CHANGEJOBHISTORY
-- ----------------------------
ALTER TABLE "PPMSUSER"."TB_CHANGEJOBHISTORY" ADD CHECK ("JOBHISTORYID" IS NOT NULL);

-- ----------------------------
-- Primary Key structure for table TB_CHANGEJOBHISTORY
-- ----------------------------
ALTER TABLE "PPMSUSER"."TB_CHANGEJOBHISTORY" ADD PRIMARY KEY ("JOBHISTORYID");

-- ----------------------------
-- Indexes structure for table TB_CHANGEORGHISTORY
-- ----------------------------

-- ----------------------------
-- Triggers structure for table TB_CHANGEORGHISTORY
-- ----------------------------
CREATE OR REPLACE TRIGGER "PPMSUSER"."TRIGGER_TB_CHANGEORGHISTORY" BEFORE INSERT ON "PPMSUSER"."TB_CHANGEORGHISTORY" REFERENCING OLD AS "OLD" NEW AS "NEW" FOR EACH ROW ENABLE
begin  
   if inserting then 
      if :NEW."ORGHISTORYID" is null then 
         select AUTOID.nextval into :NEW."ORGHISTORYID" from dual; 
      end if; 
   end if; 
end;
-- ----------------------------
-- Checks structure for table TB_CHANGEORGHISTORY
-- ----------------------------
ALTER TABLE "PPMSUSER"."TB_CHANGEORGHISTORY" ADD CHECK ("ORGHISTORYID" IS NOT NULL);

-- ----------------------------
-- Primary Key structure for table TB_CHANGEORGHISTORY
-- ----------------------------
ALTER TABLE "PPMSUSER"."TB_CHANGEORGHISTORY" ADD PRIMARY KEY ("ORGHISTORYID");

-- ----------------------------
-- Indexes structure for table TB_EMPLOYEE
-- ----------------------------

-- ----------------------------
-- Triggers structure for table TB_EMPLOYEE
-- ----------------------------
CREATE OR REPLACE TRIGGER "PPMSUSER"."TRIGGER_TB_EMPLOYEE" BEFORE INSERT ON "PPMSUSER"."TB_EMPLOYEE" REFERENCING OLD AS "OLD" NEW AS "NEW" FOR EACH ROW ENABLE
begin  
   if inserting then 
      if :NEW."EMPLOYEEID" is null then 
         select AUTOID.nextval into :NEW."EMPLOYEEID" from dual; 
      end if; 
   end if; 
end;
-- ----------------------------
-- Checks structure for table TB_EMPLOYEE
-- ----------------------------
ALTER TABLE "PPMSUSER"."TB_EMPLOYEE" ADD CHECK ("EMPLOYEEID" IS NOT NULL);

-- ----------------------------
-- Primary Key structure for table TB_EMPLOYEE
-- ----------------------------
ALTER TABLE "PPMSUSER"."TB_EMPLOYEE" ADD PRIMARY KEY ("EMPLOYEEID");

-- ----------------------------
-- Indexes structure for table TB_EMPLOYEEPRAISECRITICISM
-- ----------------------------

-- ----------------------------
-- Triggers structure for table TB_EMPLOYEEPRAISECRITICISM
-- ----------------------------
CREATE OR REPLACE TRIGGER "PPMSUSER"."TRIGGER_RAISECRITICISM" BEFORE INSERT ON "PPMSUSER"."TB_EMPLOYEEPRAISECRITICISM" REFERENCING OLD AS "OLD" NEW AS "NEW" FOR EACH ROW ENABLE
begin  
   if inserting then 
      if :NEW."PRAISECRITICISMID" is null then 
         select AUTOID.nextval into :NEW."PRAISECRITICISMID" from dual; 
      end if; 
   end if; 
end;
-- ----------------------------
-- Checks structure for table TB_EMPLOYEEPRAISECRITICISM
-- ----------------------------
ALTER TABLE "PPMSUSER"."TB_EMPLOYEEPRAISECRITICISM" ADD CHECK ("PRAISECRITICISMID" IS NOT NULL);

-- ----------------------------
-- Primary Key structure for table TB_EMPLOYEEPRAISECRITICISM
-- ----------------------------
ALTER TABLE "PPMSUSER"."TB_EMPLOYEEPRAISECRITICISM" ADD PRIMARY KEY ("PRAISECRITICISMID");

-- ----------------------------
-- Indexes structure for table TB_FRESHEMPLOYEEEXAM
-- ----------------------------

-- ----------------------------
-- Triggers structure for table TB_FRESHEMPLOYEEEXAM
-- ----------------------------
CREATE OR REPLACE TRIGGER "PPMSUSER"."TRIGGER_FRESHEMPLOYEEEXAM" BEFORE INSERT ON "PPMSUSER"."TB_FRESHEMPLOYEEEXAM" REFERENCING OLD AS "OLD" NEW AS "NEW" FOR EACH ROW ENABLE
begin  
   if inserting then 
      if :NEW."EXAMID" is null then 
         select AUTOID.nextval into :NEW."EXAMID" from dual; 
      end if; 
   end if; 
end;
-- ----------------------------
-- Checks structure for table TB_FRESHEMPLOYEEEXAM
-- ----------------------------
ALTER TABLE "PPMSUSER"."TB_FRESHEMPLOYEEEXAM" ADD CHECK ("EXAMID" IS NOT NULL);

-- ----------------------------
-- Primary Key structure for table TB_FRESHEMPLOYEEEXAM
-- ----------------------------
ALTER TABLE "PPMSUSER"."TB_FRESHEMPLOYEEEXAM" ADD PRIMARY KEY ("EXAMID");

-- ----------------------------
-- Indexes structure for table TB_INNOVATION
-- ----------------------------

-- ----------------------------
-- Triggers structure for table TB_INNOVATION
-- ----------------------------
CREATE OR REPLACE TRIGGER "PPMSUSER"."TRIGGER_TB_INNOVATION" BEFORE INSERT ON "PPMSUSER"."TB_INNOVATION" REFERENCING OLD AS "OLD" NEW AS "NEW" FOR EACH ROW ENABLE
begin  
   if inserting then 
      if :NEW."INNOVATIONID" is null then 
         select AUTOID.nextval into :NEW."INNOVATIONID" from dual; 
      end if; 
   end if; 
end;
-- ----------------------------
-- Checks structure for table TB_INNOVATION
-- ----------------------------
ALTER TABLE "PPMSUSER"."TB_INNOVATION" ADD CHECK ("INNOVATIONID" IS NOT NULL);

-- ----------------------------
-- Primary Key structure for table TB_INNOVATION
-- ----------------------------
ALTER TABLE "PPMSUSER"."TB_INNOVATION" ADD PRIMARY KEY ("INNOVATIONID");

-- ----------------------------
-- Indexes structure for table TB_JOB
-- ----------------------------

-- ----------------------------
-- Checks structure for table TB_JOB
-- ----------------------------
ALTER TABLE "PPMSUSER"."TB_JOB" ADD CHECK ("JOBID" IS NOT NULL);

-- ----------------------------
-- Primary Key structure for table TB_JOB
-- ----------------------------
ALTER TABLE "PPMSUSER"."TB_JOB" ADD PRIMARY KEY ("JOBID");

-- ----------------------------
-- Indexes structure for table TB_MASTER
-- ----------------------------

-- ----------------------------
-- Checks structure for table TB_MASTER
-- ----------------------------
ALTER TABLE "PPMSUSER"."TB_MASTER" ADD CHECK ("MASTERID" IS NOT NULL);

-- ----------------------------
-- Primary Key structure for table TB_MASTER
-- ----------------------------
ALTER TABLE "PPMSUSER"."TB_MASTER" ADD PRIMARY KEY ("MASTERID");

-- ----------------------------
-- Indexes structure for table TB_MONITORCHECK
-- ----------------------------

-- ----------------------------
-- Triggers structure for table TB_MONITORCHECK
-- ----------------------------
CREATE OR REPLACE TRIGGER "PPMSUSER"."TRIGGER_TB_MONITORCHECK" BEFORE INSERT ON "PPMSUSER"."TB_MONITORCHECK" REFERENCING OLD AS "OLD" NEW AS "NEW" FOR EACH ROW ENABLE
begin  
   if inserting then 
      if :NEW."MONITORCHECKID" is null then 
         select AUTOID.nextval into :NEW."MONITORCHECKID" from dual; 
      end if; 
   end if; 
end;
-- ----------------------------
-- Checks structure for table TB_MONITORCHECK
-- ----------------------------
ALTER TABLE "PPMSUSER"."TB_MONITORCHECK" ADD CHECK ("MONITORCHECKID" IS NOT NULL);

-- ----------------------------
-- Primary Key structure for table TB_MONITORCHECK
-- ----------------------------
ALTER TABLE "PPMSUSER"."TB_MONITORCHECK" ADD PRIMARY KEY ("MONITORCHECKID");

-- ----------------------------
-- Indexes structure for table TB_MONTHEXAM
-- ----------------------------

-- ----------------------------
-- Triggers structure for table TB_MONTHEXAM
-- ----------------------------
CREATE OR REPLACE TRIGGER "PPMSUSER"."TRIGGER_TB_MONTHEXAM" BEFORE INSERT ON "PPMSUSER"."TB_MONTHEXAM" REFERENCING OLD AS "OLD" NEW AS "NEW" FOR EACH ROW ENABLE
begin  
   if inserting then 
      if :NEW."EXAMID" is null then 
         select AUTOID.nextval into :NEW."EXAMID" from dual; 
      end if; 
   end if; 
end;
-- ----------------------------
-- Checks structure for table TB_MONTHEXAM
-- ----------------------------
ALTER TABLE "PPMSUSER"."TB_MONTHEXAM" ADD CHECK ("EXAMID" IS NOT NULL);

-- ----------------------------
-- Primary Key structure for table TB_MONTHEXAM
-- ----------------------------
ALTER TABLE "PPMSUSER"."TB_MONTHEXAM" ADD PRIMARY KEY ("EXAMID");

-- ----------------------------
-- Indexes structure for table TB_MONTHPERFORMANCEOPEN
-- ----------------------------

-- ----------------------------
-- Triggers structure for table TB_MONTHPERFORMANCEOPEN
-- ----------------------------
CREATE OR REPLACE TRIGGER "PPMSUSER"."TRIGGER_MONTHPERFORMANCEOPEN" BEFORE INSERT ON "PPMSUSER"."TB_MONTHPERFORMANCEOPEN" REFERENCING OLD AS "OLD" NEW AS "NEW" FOR EACH ROW ENABLE
begin  
   if inserting then 
      if :NEW."OPENID" is null then 
         select AUTOID.nextval into :NEW."OPENID" from dual; 
      end if; 
   end if; 
end;
-- ----------------------------
-- Checks structure for table TB_MONTHPERFORMANCEOPEN
-- ----------------------------
ALTER TABLE "PPMSUSER"."TB_MONTHPERFORMANCEOPEN" ADD CHECK ("OPENID" IS NOT NULL);

-- ----------------------------
-- Primary Key structure for table TB_MONTHPERFORMANCEOPEN
-- ----------------------------
ALTER TABLE "PPMSUSER"."TB_MONTHPERFORMANCEOPEN" ADD PRIMARY KEY ("OPENID");

-- ----------------------------
-- Indexes structure for table TB_MOUNTGUARDEXAM
-- ----------------------------

-- ----------------------------
-- Triggers structure for table TB_MOUNTGUARDEXAM
-- ----------------------------
CREATE OR REPLACE TRIGGER "PPMSUSER"."TRIGGER_TB_MOUNTGUARDEXAM" BEFORE INSERT ON "PPMSUSER"."TB_MOUNTGUARDEXAM" REFERENCING OLD AS "OLD" NEW AS "NEW" FOR EACH ROW ENABLE
begin  
   if inserting then 
      if :NEW."EXAMID" is null then 
         select AUTOID.nextval into :NEW."EXAMID" from dual; 
      end if; 
   end if; 
end;
-- ----------------------------
-- Checks structure for table TB_MOUNTGUARDEXAM
-- ----------------------------
ALTER TABLE "PPMSUSER"."TB_MOUNTGUARDEXAM" ADD CHECK ("EXAMID" IS NOT NULL);

-- ----------------------------
-- Primary Key structure for table TB_MOUNTGUARDEXAM
-- ----------------------------
ALTER TABLE "PPMSUSER"."TB_MOUNTGUARDEXAM" ADD PRIMARY KEY ("EXAMID");

-- ----------------------------
-- Indexes structure for table TB_OPERATIONCHECK
-- ----------------------------

-- ----------------------------
-- Triggers structure for table TB_OPERATIONCHECK
-- ----------------------------
CREATE OR REPLACE TRIGGER "PPMSUSER"."TRIGGER_TB_OPERATIONCHECK" BEFORE INSERT ON "PPMSUSER"."TB_OPERATIONCHECK" REFERENCING OLD AS "OLD" NEW AS "NEW" FOR EACH ROW ENABLE
begin  
   if inserting then 
      if :NEW."OPERATIONCHECKID" is null then 
         select AUTOID.nextval into :NEW."OPERATIONCHECKID" from dual; 
      end if; 
   end if; 
end;
-- ----------------------------
-- Checks structure for table TB_OPERATIONCHECK
-- ----------------------------
ALTER TABLE "PPMSUSER"."TB_OPERATIONCHECK" ADD CHECK ("OPERATIONCHECKID" IS NOT NULL);

-- ----------------------------
-- Primary Key structure for table TB_OPERATIONCHECK
-- ----------------------------
ALTER TABLE "PPMSUSER"."TB_OPERATIONCHECK" ADD PRIMARY KEY ("OPERATIONCHECKID");

-- ----------------------------
-- Indexes structure for table TB_OPERATIONTRAINING
-- ----------------------------

-- ----------------------------
-- Triggers structure for table TB_OPERATIONTRAINING
-- ----------------------------
CREATE OR REPLACE TRIGGER "PPMSUSER"."TRIGGER_TB_OPERATIONTRAINING" BEFORE INSERT ON "PPMSUSER"."TB_OPERATIONTRAINING" REFERENCING OLD AS "OLD" NEW AS "NEW" FOR EACH ROW ENABLE
begin  
   if inserting then 
      if :NEW."TRAININGID" is null then 
         select AUTOID.nextval into :NEW."TRAININGID" from dual; 
      end if; 
   end if; 
end;
-- ----------------------------
-- Checks structure for table TB_OPERATIONTRAINING
-- ----------------------------
ALTER TABLE "PPMSUSER"."TB_OPERATIONTRAINING" ADD CHECK ("TRAININGID" IS NOT NULL);

-- ----------------------------
-- Primary Key structure for table TB_OPERATIONTRAINING
-- ----------------------------
ALTER TABLE "PPMSUSER"."TB_OPERATIONTRAINING" ADD PRIMARY KEY ("TRAININGID");

-- ----------------------------
-- Indexes structure for table TB_ORGPRAISECRITICISM
-- ----------------------------

-- ----------------------------
-- Triggers structure for table TB_ORGPRAISECRITICISM
-- ----------------------------
CREATE OR REPLACE TRIGGER "PPMSUSER"."TRIGGER_TB_ORGPRAISECRITICISM" BEFORE INSERT ON "PPMSUSER"."TB_ORGPRAISECRITICISM" REFERENCING OLD AS "OLD" NEW AS "NEW" FOR EACH ROW ENABLE
begin  
   if inserting then 
      if :NEW."PRAISECRITICISMID" is null then 
         select AUTOID.nextval into :NEW."PRAISECRITICISMID" from dual; 
      end if; 
   end if; 
end;
-- ----------------------------
-- Checks structure for table TB_ORGPRAISECRITICISM
-- ----------------------------
ALTER TABLE "PPMSUSER"."TB_ORGPRAISECRITICISM" ADD CHECK ("PRAISECRITICISMID" IS NOT NULL);

-- ----------------------------
-- Primary Key structure for table TB_ORGPRAISECRITICISM
-- ----------------------------
ALTER TABLE "PPMSUSER"."TB_ORGPRAISECRITICISM" ADD PRIMARY KEY ("PRAISECRITICISMID");

-- ----------------------------
-- Indexes structure for table TB_PERFORMANCE
-- ----------------------------

-- ----------------------------
-- Triggers structure for table TB_PERFORMANCE
-- ----------------------------
CREATE OR REPLACE TRIGGER "PPMSUSER"."TRIGGER_TB_PERFORMANCE" BEFORE INSERT ON "PPMSUSER"."TB_PERFORMANCE" REFERENCING OLD AS "OLD" NEW AS "NEW" FOR EACH ROW ENABLE
begin  
   if inserting then 
      if :NEW."PERFORMANCEID" is null then 
         select AUTOID.nextval into :NEW."PERFORMANCEID" from dual; 
      end if; 
   end if; 
end;
-- ----------------------------
-- Checks structure for table TB_PERFORMANCE
-- ----------------------------
ALTER TABLE "PPMSUSER"."TB_PERFORMANCE" ADD CHECK ("PERFORMANCEID" IS NOT NULL);

-- ----------------------------
-- Primary Key structure for table TB_PERFORMANCE
-- ----------------------------
ALTER TABLE "PPMSUSER"."TB_PERFORMANCE" ADD PRIMARY KEY ("PERFORMANCEID");

-- ----------------------------
-- Indexes structure for table TB_POINT
-- ----------------------------

-- ----------------------------
-- Triggers structure for table TB_POINT
-- ----------------------------
CREATE OR REPLACE TRIGGER "PPMSUSER"."TRIGGER_TB_POINT" BEFORE INSERT ON "PPMSUSER"."TB_POINT" REFERENCING OLD AS "OLD" NEW AS "NEW" FOR EACH ROW ENABLE
begin  
   if inserting then 
      if :NEW."POINTID" is null then 
         select AUTOID.nextval into :NEW."POINTID" from dual; 
      end if; 
   end if; 
end;
-- ----------------------------
-- Checks structure for table TB_POINT
-- ----------------------------
ALTER TABLE "PPMSUSER"."TB_POINT" ADD CHECK ("POINTID" IS NOT NULL);

-- ----------------------------
-- Primary Key structure for table TB_POINT
-- ----------------------------
ALTER TABLE "PPMSUSER"."TB_POINT" ADD PRIMARY KEY ("POINTID");

-- ----------------------------
-- Triggers structure for table TB_POINTDETAIL
-- ----------------------------
CREATE OR REPLACE TRIGGER "PPMSUSER"."TRIGGER_TB_POINTDETAIL" BEFORE INSERT ON "PPMSUSER"."TB_POINTDETAIL" REFERENCING OLD AS "OLD" NEW AS "NEW" FOR EACH ROW ENABLE
begin  
   if inserting then 
      if :NEW."POINTID" is null then 
         select AUTOID.nextval into :NEW."POINTID" from dual; 
      end if; 
   end if; 
end;
-- ----------------------------
-- Checks structure for table TB_POINTDETAIL
-- ----------------------------
ALTER TABLE "PPMSUSER"."TB_POINTDETAIL" ADD CHECK ("POINTID" IS NOT NULL);

-- ----------------------------
-- Indexes structure for table TB_POST
-- ----------------------------

-- ----------------------------
-- Checks structure for table TB_POST
-- ----------------------------
ALTER TABLE "PPMSUSER"."TB_POST" ADD CHECK ("POSTID" IS NOT NULL);

-- ----------------------------
-- Primary Key structure for table TB_POST
-- ----------------------------
ALTER TABLE "PPMSUSER"."TB_POST" ADD PRIMARY KEY ("POSTID");

-- ----------------------------
-- Indexes structure for table TB_PROMOTIONTRAINING
-- ----------------------------

-- ----------------------------
-- Triggers structure for table TB_PROMOTIONTRAINING
-- ----------------------------
CREATE OR REPLACE TRIGGER "PPMSUSER"."TRIGGER_TB_PROMOTIONTRAINING" BEFORE INSERT ON "PPMSUSER"."TB_PROMOTIONTRAINING" REFERENCING OLD AS "OLD" NEW AS "NEW" FOR EACH ROW ENABLE
begin  
   if inserting then 
      if :NEW."PROMOTIONTRAININGID" is null then 
         select AUTOID.nextval into :NEW."PROMOTIONTRAININGID" from dual; 
      end if; 
   end if; 
end;
-- ----------------------------
-- Checks structure for table TB_PROMOTIONTRAINING
-- ----------------------------
ALTER TABLE "PPMSUSER"."TB_PROMOTIONTRAINING" ADD CHECK ("PROMOTIONTRAININGID" IS NOT NULL);

-- ----------------------------
-- Primary Key structure for table TB_PROMOTIONTRAINING
-- ----------------------------
ALTER TABLE "PPMSUSER"."TB_PROMOTIONTRAINING" ADD PRIMARY KEY ("PROMOTIONTRAININGID");

-- ----------------------------
-- Indexes structure for table TB_ROLE
-- ----------------------------

-- ----------------------------
-- Checks structure for table TB_ROLE
-- ----------------------------
ALTER TABLE "PPMSUSER"."TB_ROLE" ADD CHECK ("ROLEID" IS NOT NULL);

-- ----------------------------
-- Primary Key structure for table TB_ROLE
-- ----------------------------
ALTER TABLE "PPMSUSER"."TB_ROLE" ADD PRIMARY KEY ("ROLEID");

-- ----------------------------
-- Indexes structure for table TB_ROLEFUNCTION
-- ----------------------------
CREATE UNIQUE INDEX "PPMSUSER"."TB_ROLEFUNCTION_PK"
ON "PPMSUSER"."TB_ROLEFUNCTION" ("ROLEFUNCTIONID" ASC)
LOGGING
VISIBLE;

-- ----------------------------
-- Triggers structure for table TB_ROLEFUNCTION
-- ----------------------------
CREATE OR REPLACE TRIGGER "PPMSUSER"."TRIGGER_TB_ROLEFUNCTIONID" BEFORE INSERT ON "PPMSUSER"."TB_ROLEFUNCTION" REFERENCING OLD AS "OLD" NEW AS "NEW" FOR EACH ROW ENABLE
begin  
   if inserting then 
      if :NEW."ROLEFUNCTIONID" is null then 
         select AUTOID.nextval into :NEW."ROLEFUNCTIONID" from dual; 
      end if; 
   end if; 
end;CREATE OR REPLACE TRIGGER "PPMSUSER"."TRIIGER_ROLEFUNCTIONID" BEFORE INSERT ON "PPMSUSER"."TB_ROLEFUNCTION" REFERENCING OLD AS "OLD" NEW AS "NEW" FOR EACH ROW ENABLE
begin  
   if inserting then 
      if :NEW."ROLEFUNCTIONID" is null then 
         select AUTOID.nextval into :NEW."ROLEFUNCTIONID" from dual; 
      end if; 
   end if; 
end;
-- ----------------------------
-- Checks structure for table TB_ROLEFUNCTION
-- ----------------------------
ALTER TABLE "PPMSUSER"."TB_ROLEFUNCTION" ADD CHECK ("ROLEID" IS NOT NULL);
ALTER TABLE "PPMSUSER"."TB_ROLEFUNCTION" ADD CHECK ("FUNCTIONIDS" IS NOT NULL);
ALTER TABLE "PPMSUSER"."TB_ROLEFUNCTION" ADD CHECK ("ROLEFUNCTIONID" IS NOT NULL);

-- ----------------------------
-- Primary Key structure for table TB_ROLEFUNCTION
-- ----------------------------
ALTER TABLE "PPMSUSER"."TB_ROLEFUNCTION" ADD PRIMARY KEY ("ROLEFUNCTIONID");

-- ----------------------------
-- Indexes structure for table TB_STAGE
-- ----------------------------

-- ----------------------------
-- Checks structure for table TB_STAGE
-- ----------------------------
ALTER TABLE "PPMSUSER"."TB_STAGE" ADD CHECK ("STAGEID" IS NOT NULL);

-- ----------------------------
-- Primary Key structure for table TB_STAGE
-- ----------------------------
ALTER TABLE "PPMSUSER"."TB_STAGE" ADD PRIMARY KEY ("STAGEID");

-- ----------------------------
-- Indexes structure for table TB_STANDARDCHECK
-- ----------------------------

-- ----------------------------
-- Triggers structure for table TB_STANDARDCHECK
-- ----------------------------
CREATE OR REPLACE TRIGGER "PPMSUSER"."TRIGGER_TB_STANDARDCHECK" BEFORE INSERT ON "PPMSUSER"."TB_STANDARDCHECK" REFERENCING OLD AS "OLD" NEW AS "NEW" FOR EACH ROW ENABLE
begin  
   if inserting then 
      if :NEW."STANDARDCHECKID" is null then 
         select AUTOID.nextval into :NEW."STANDARDCHECKID" from dual; 
      end if; 
   end if; 
end;
-- ----------------------------
-- Checks structure for table TB_STANDARDCHECK
-- ----------------------------
ALTER TABLE "PPMSUSER"."TB_STANDARDCHECK" ADD CHECK ("STANDARDCHECKID" IS NOT NULL);

-- ----------------------------
-- Primary Key structure for table TB_STANDARDCHECK
-- ----------------------------
ALTER TABLE "PPMSUSER"."TB_STANDARDCHECK" ADD PRIMARY KEY ("STANDARDCHECKID");

-- ----------------------------
-- Indexes structure for table TB_SUBAREA
-- ----------------------------

-- ----------------------------
-- Checks structure for table TB_SUBAREA
-- ----------------------------
ALTER TABLE "PPMSUSER"."TB_SUBAREA" ADD CHECK ("SUBAREAID" IS NOT NULL);

-- ----------------------------
-- Primary Key structure for table TB_SUBAREA
-- ----------------------------
ALTER TABLE "PPMSUSER"."TB_SUBAREA" ADD PRIMARY KEY ("SUBAREAID");

-- ----------------------------
-- Indexes structure for table TB_SUBAREAORGRELATION
-- ----------------------------

-- ----------------------------
-- Triggers structure for table TB_SUBAREAORGRELATION
-- ----------------------------
CREATE OR REPLACE TRIGGER "PPMSUSER"."TRIGGER_SUBAREAORGRELATION" BEFORE INSERT ON "PPMSUSER"."TB_SUBAREAORGRELATION" REFERENCING OLD AS "OLD" NEW AS "NEW" FOR EACH ROW ENABLE
begin  
   if inserting then 
      if :NEW."ORGAREAID" is null then 
         select AUTOID.nextval into :NEW."ORGAREAID" from dual; 
      end if; 
   end if; 
end;
-- ----------------------------
-- Checks structure for table TB_SUBAREAORGRELATION
-- ----------------------------
ALTER TABLE "PPMSUSER"."TB_SUBAREAORGRELATION" ADD CHECK ("ORGAREAID" IS NOT NULL);

-- ----------------------------
-- Primary Key structure for table TB_SUBAREAORGRELATION
-- ----------------------------
ALTER TABLE "PPMSUSER"."TB_SUBAREAORGRELATION" ADD PRIMARY KEY ("ORGAREAID");

-- ----------------------------
-- Indexes structure for table TB_SYSTEMFUNCTION
-- ----------------------------

-- ----------------------------
-- Checks structure for table TB_SYSTEMFUNCTION
-- ----------------------------
ALTER TABLE "PPMSUSER"."TB_SYSTEMFUNCTION" ADD CHECK ("FUNCTIONID" IS NOT NULL);

-- ----------------------------
-- Primary Key structure for table TB_SYSTEMFUNCTION
-- ----------------------------
ALTER TABLE "PPMSUSER"."TB_SYSTEMFUNCTION" ADD PRIMARY KEY ("FUNCTIONID");

-- ----------------------------
-- Indexes structure for table TB_SYSTEMSETTINGS
-- ----------------------------

-- ----------------------------
-- Triggers structure for table TB_SYSTEMSETTINGS
-- ----------------------------
CREATE OR REPLACE TRIGGER "PPMSUSER"."TRIGGER_TB_SYSTEMSETTINGS" BEFORE INSERT ON "PPMSUSER"."TB_SYSTEMSETTINGS" REFERENCING OLD AS "OLD" NEW AS "NEW" FOR EACH ROW ENABLE
begin  
   if inserting then 
      if :NEW."SETTINGSID" is null then 
         select AUTOID.nextval into :NEW."SETTINGSID" from dual; 
      end if; 
   end if; 
end;
-- ----------------------------
-- Checks structure for table TB_SYSTEMSETTINGS
-- ----------------------------
ALTER TABLE "PPMSUSER"."TB_SYSTEMSETTINGS" ADD CHECK ("SETTINGSID" IS NOT NULL);

-- ----------------------------
-- Primary Key structure for table TB_SYSTEMSETTINGS
-- ----------------------------
ALTER TABLE "PPMSUSER"."TB_SYSTEMSETTINGS" ADD PRIMARY KEY ("SETTINGSID");

-- ----------------------------
-- Indexes structure for table TB_VISITCHECK
-- ----------------------------

-- ----------------------------
-- Triggers structure for table TB_VISITCHECK
-- ----------------------------
CREATE OR REPLACE TRIGGER "PPMSUSER"."TRIGGER_TB_VISITCHECK" BEFORE INSERT ON "PPMSUSER"."TB_VISITCHECK" REFERENCING OLD AS "OLD" NEW AS "NEW" FOR EACH ROW ENABLE
begin  
   if inserting then 
      if :NEW."VISITCHECKID" is null then 
         select AUTOID.nextval into :NEW."VISITCHECKID" from dual; 
      end if; 
   end if; 
end;
-- ----------------------------
-- Checks structure for table TB_VISITCHECK
-- ----------------------------
ALTER TABLE "PPMSUSER"."TB_VISITCHECK" ADD CHECK ("VISITCHECKID" IS NOT NULL);

-- ----------------------------
-- Primary Key structure for table TB_VISITCHECK
-- ----------------------------
ALTER TABLE "PPMSUSER"."TB_VISITCHECK" ADD PRIMARY KEY ("VISITCHECKID");

-- ----------------------------
-- Foreign Key structure for table "PPMSUSER"."C_ORGANIZATION_NJ"
-- ----------------------------
ALTER TABLE "PPMSUSER"."C_ORGANIZATION_NJ" ADD FOREIGN KEY ("ORGID") REFERENCES "PPMSUSER"."ORGANIZATION_NJ" ("ORGID");
ALTER TABLE "PPMSUSER"."C_ORGANIZATION_NJ" ADD FOREIGN KEY ("AREAID") REFERENCES "PPMSUSER"."TB_AREA" ("AREAID");

-- ----------------------------
-- Foreign Key structure for table "PPMSUSER"."C_USER_INFO"
-- ----------------------------
ALTER TABLE "PPMSUSER"."C_USER_INFO" ADD FOREIGN KEY ("ORGID") REFERENCES "PPMSUSER"."ORGANIZATION_NJ" ("ORGID");

-- ----------------------------
-- Foreign Key structure for table "PPMSUSER"."OPERATOR_NJ"
-- ----------------------------
ALTER TABLE "PPMSUSER"."OPERATOR_NJ" ADD FOREIGN KEY ("ORGID") REFERENCES "PPMSUSER"."ORGANIZATION_NJ" ("ORGID");

-- ----------------------------
-- Foreign Key structure for table "PPMSUSER"."TB_AREAORGRELATION"
-- ----------------------------
ALTER TABLE "PPMSUSER"."TB_AREAORGRELATION" ADD FOREIGN KEY ("ORGID") REFERENCES "PPMSUSER"."ORGANIZATION_NJ" ("ORGID");
ALTER TABLE "PPMSUSER"."TB_AREAORGRELATION" ADD FOREIGN KEY ("AREAID") REFERENCES "PPMSUSER"."TB_AREA" ("AREAID");

-- ----------------------------
-- Foreign Key structure for table "PPMSUSER"."TB_BECOMEEMPLOYEEEXAM"
-- ----------------------------
ALTER TABLE "PPMSUSER"."TB_BECOMEEMPLOYEEEXAM" ADD FOREIGN KEY ("ORGID") REFERENCES "PPMSUSER"."ORGANIZATION_NJ" ("ORGID");
ALTER TABLE "PPMSUSER"."TB_BECOMEEMPLOYEEEXAM" ADD FOREIGN KEY ("EMPLOYEEID") REFERENCES "PPMSUSER"."TB_EMPLOYEE" ("EMPLOYEEID");

-- ----------------------------
-- Foreign Key structure for table "PPMSUSER"."TB_CHANGEJOBHISTORY"
-- ----------------------------
ALTER TABLE "PPMSUSER"."TB_CHANGEJOBHISTORY" ADD FOREIGN KEY ("EMPLOYEEID") REFERENCES "PPMSUSER"."TB_EMPLOYEE" ("EMPLOYEEID");
ALTER TABLE "PPMSUSER"."TB_CHANGEJOBHISTORY" ADD FOREIGN KEY ("OUTJOBID") REFERENCES "PPMSUSER"."TB_JOB" ("JOBID");
ALTER TABLE "PPMSUSER"."TB_CHANGEJOBHISTORY" ADD FOREIGN KEY ("INJOBID") REFERENCES "PPMSUSER"."TB_JOB" ("JOBID");

-- ----------------------------
-- Foreign Key structure for table "PPMSUSER"."TB_CHANGEORGHISTORY"
-- ----------------------------
ALTER TABLE "PPMSUSER"."TB_CHANGEORGHISTORY" ADD FOREIGN KEY ("OUTORGID") REFERENCES "PPMSUSER"."ORGANIZATION_NJ" ("ORGID");
ALTER TABLE "PPMSUSER"."TB_CHANGEORGHISTORY" ADD FOREIGN KEY ("INORGID") REFERENCES "PPMSUSER"."ORGANIZATION_NJ" ("ORGID");
ALTER TABLE "PPMSUSER"."TB_CHANGEORGHISTORY" ADD FOREIGN KEY ("EMPLOYEEID") REFERENCES "PPMSUSER"."TB_EMPLOYEE" ("EMPLOYEEID");

-- ----------------------------
-- Foreign Key structure for table "PPMSUSER"."TB_EMPLOYEE"
-- ----------------------------
ALTER TABLE "PPMSUSER"."TB_EMPLOYEE" ADD FOREIGN KEY ("ORGID") REFERENCES "PPMSUSER"."ORGANIZATION_NJ" ("ORGID");
ALTER TABLE "PPMSUSER"."TB_EMPLOYEE" ADD FOREIGN KEY ("JOBID") REFERENCES "PPMSUSER"."TB_JOB" ("JOBID");
ALTER TABLE "PPMSUSER"."TB_EMPLOYEE" ADD FOREIGN KEY ("POSTID") REFERENCES "PPMSUSER"."TB_POST" ("POSTID");
ALTER TABLE "PPMSUSER"."TB_EMPLOYEE" ADD FOREIGN KEY ("ROLEID") REFERENCES "PPMSUSER"."TB_ROLE" ("ROLEID");

-- ----------------------------
-- Foreign Key structure for table "PPMSUSER"."TB_EMPLOYEEPRAISECRITICISM"
-- ----------------------------
ALTER TABLE "PPMSUSER"."TB_EMPLOYEEPRAISECRITICISM" ADD FOREIGN KEY ("ORGID") REFERENCES "PPMSUSER"."ORGANIZATION_NJ" ("ORGID");
ALTER TABLE "PPMSUSER"."TB_EMPLOYEEPRAISECRITICISM" ADD FOREIGN KEY ("EMPLOYEEID") REFERENCES "PPMSUSER"."TB_EMPLOYEE" ("EMPLOYEEID");

-- ----------------------------
-- Foreign Key structure for table "PPMSUSER"."TB_FRESHEMPLOYEEEXAM"
-- ----------------------------
ALTER TABLE "PPMSUSER"."TB_FRESHEMPLOYEEEXAM" ADD FOREIGN KEY ("ORGID") REFERENCES "PPMSUSER"."ORGANIZATION_NJ" ("ORGID");
ALTER TABLE "PPMSUSER"."TB_FRESHEMPLOYEEEXAM" ADD FOREIGN KEY ("EMPLOYEEID") REFERENCES "PPMSUSER"."TB_EMPLOYEE" ("EMPLOYEEID");

-- ----------------------------
-- Foreign Key structure for table "PPMSUSER"."TB_INNOVATION"
-- ----------------------------
ALTER TABLE "PPMSUSER"."TB_INNOVATION" ADD FOREIGN KEY ("ORGID") REFERENCES "PPMSUSER"."ORGANIZATION_NJ" ("ORGID");
ALTER TABLE "PPMSUSER"."TB_INNOVATION" ADD FOREIGN KEY ("EMPLOYEEORGID") REFERENCES "PPMSUSER"."ORGANIZATION_NJ" ("ORGID");
ALTER TABLE "PPMSUSER"."TB_INNOVATION" ADD FOREIGN KEY ("EMPLOYEEID") REFERENCES "PPMSUSER"."TB_EMPLOYEE" ("EMPLOYEEID");

-- ----------------------------
-- Foreign Key structure for table "PPMSUSER"."TB_JOB"
-- ----------------------------
ALTER TABLE "PPMSUSER"."TB_JOB" ADD FOREIGN KEY ("POSTID") REFERENCES "PPMSUSER"."TB_POST" ("POSTID");
ALTER TABLE "PPMSUSER"."TB_JOB" ADD FOREIGN KEY ("STAGEID") REFERENCES "PPMSUSER"."TB_STAGE" ("STAGEID");

-- ----------------------------
-- Foreign Key structure for table "PPMSUSER"."TB_MONITORCHECK"
-- ----------------------------
ALTER TABLE "PPMSUSER"."TB_MONITORCHECK" ADD FOREIGN KEY ("ORGID") REFERENCES "PPMSUSER"."ORGANIZATION_NJ" ("ORGID");

-- ----------------------------
-- Foreign Key structure for table "PPMSUSER"."TB_MONTHEXAM"
-- ----------------------------
ALTER TABLE "PPMSUSER"."TB_MONTHEXAM" ADD FOREIGN KEY ("ORGID") REFERENCES "PPMSUSER"."ORGANIZATION_NJ" ("ORGID");
ALTER TABLE "PPMSUSER"."TB_MONTHEXAM" ADD FOREIGN KEY ("EMPLOYEEID") REFERENCES "PPMSUSER"."TB_EMPLOYEE" ("EMPLOYEEID");

-- ----------------------------
-- Foreign Key structure for table "PPMSUSER"."TB_MONTHPERFORMANCEOPEN"
-- ----------------------------
ALTER TABLE "PPMSUSER"."TB_MONTHPERFORMANCEOPEN" ADD FOREIGN KEY ("ORGID") REFERENCES "PPMSUSER"."ORGANIZATION_NJ" ("ORGID");

-- ----------------------------
-- Foreign Key structure for table "PPMSUSER"."TB_MOUNTGUARDEXAM"
-- ----------------------------
ALTER TABLE "PPMSUSER"."TB_MOUNTGUARDEXAM" ADD FOREIGN KEY ("ORGID") REFERENCES "PPMSUSER"."ORGANIZATION_NJ" ("ORGID");
ALTER TABLE "PPMSUSER"."TB_MOUNTGUARDEXAM" ADD FOREIGN KEY ("EMPLOYEEID") REFERENCES "PPMSUSER"."TB_EMPLOYEE" ("EMPLOYEEID");

-- ----------------------------
-- Foreign Key structure for table "PPMSUSER"."TB_OPERATIONCHECK"
-- ----------------------------
ALTER TABLE "PPMSUSER"."TB_OPERATIONCHECK" ADD FOREIGN KEY ("ORGID") REFERENCES "PPMSUSER"."ORGANIZATION_NJ" ("ORGID");
ALTER TABLE "PPMSUSER"."TB_OPERATIONCHECK" ADD FOREIGN KEY ("EMPLOYEEID") REFERENCES "PPMSUSER"."TB_EMPLOYEE" ("EMPLOYEEID");

-- ----------------------------
-- Foreign Key structure for table "PPMSUSER"."TB_OPERATIONTRAINING"
-- ----------------------------
ALTER TABLE "PPMSUSER"."TB_OPERATIONTRAINING" ADD FOREIGN KEY ("ORGID") REFERENCES "PPMSUSER"."ORGANIZATION_NJ" ("ORGID");
ALTER TABLE "PPMSUSER"."TB_OPERATIONTRAINING" ADD FOREIGN KEY ("EMPLOYEEID") REFERENCES "PPMSUSER"."TB_EMPLOYEE" ("EMPLOYEEID");

-- ----------------------------
-- Foreign Key structure for table "PPMSUSER"."TB_ORGPRAISECRITICISM"
-- ----------------------------
ALTER TABLE "PPMSUSER"."TB_ORGPRAISECRITICISM" ADD FOREIGN KEY ("ORGID") REFERENCES "PPMSUSER"."ORGANIZATION_NJ" ("ORGID");

-- ----------------------------
-- Foreign Key structure for table "PPMSUSER"."TB_PERFORMANCE"
-- ----------------------------
ALTER TABLE "PPMSUSER"."TB_PERFORMANCE" ADD FOREIGN KEY ("ORGID") REFERENCES "PPMSUSER"."ORGANIZATION_NJ" ("ORGID");
ALTER TABLE "PPMSUSER"."TB_PERFORMANCE" ADD FOREIGN KEY ("EMPLOYEEID") REFERENCES "PPMSUSER"."TB_EMPLOYEE" ("EMPLOYEEID");

-- ----------------------------
-- Foreign Key structure for table "PPMSUSER"."TB_POINT"
-- ----------------------------
ALTER TABLE "PPMSUSER"."TB_POINT" ADD FOREIGN KEY ("EMPLOYEEID") REFERENCES "PPMSUSER"."TB_EMPLOYEE" ("EMPLOYEEID");
ALTER TABLE "PPMSUSER"."TB_POINT" ADD FOREIGN KEY ("JOBID") REFERENCES "PPMSUSER"."TB_JOB" ("JOBID");
ALTER TABLE "PPMSUSER"."TB_POINT" ADD FOREIGN KEY ("ORGID") REFERENCES "PPMSUSER"."ORGANIZATION_NJ" ("ORGID");

-- ----------------------------
-- Foreign Key structure for table "PPMSUSER"."TB_POINTDETAIL"
-- ----------------------------
ALTER TABLE "PPMSUSER"."TB_POINTDETAIL" ADD FOREIGN KEY ("POINTID") REFERENCES "PPMSUSER"."TB_POINT" ("POINTID");

-- ----------------------------
-- Foreign Key structure for table "PPMSUSER"."TB_PROMOTIONTRAINING"
-- ----------------------------
ALTER TABLE "PPMSUSER"."TB_PROMOTIONTRAINING" ADD FOREIGN KEY ("ORGID") REFERENCES "PPMSUSER"."ORGANIZATION_NJ" ("ORGID");
ALTER TABLE "PPMSUSER"."TB_PROMOTIONTRAINING" ADD FOREIGN KEY ("EMPLOYEEID") REFERENCES "PPMSUSER"."TB_EMPLOYEE" ("EMPLOYEEID");

-- ----------------------------
-- Foreign Key structure for table "PPMSUSER"."TB_ROLEFUNCTION"
-- ----------------------------
ALTER TABLE "PPMSUSER"."TB_ROLEFUNCTION" ADD FOREIGN KEY ("ROLEID") REFERENCES "PPMSUSER"."TB_ROLE" ("ROLEID");

-- ----------------------------
-- Foreign Key structure for table "PPMSUSER"."TB_STANDARDCHECK"
-- ----------------------------
ALTER TABLE "PPMSUSER"."TB_STANDARDCHECK" ADD FOREIGN KEY ("ORGID") REFERENCES "PPMSUSER"."ORGANIZATION_NJ" ("ORGID");

-- ----------------------------
-- Foreign Key structure for table "PPMSUSER"."TB_SUBAREA"
-- ----------------------------
ALTER TABLE "PPMSUSER"."TB_SUBAREA" ADD FOREIGN KEY ("AREAID") REFERENCES "PPMSUSER"."TB_AREA" ("AREAID");

-- ----------------------------
-- Foreign Key structure for table "PPMSUSER"."TB_SUBAREAORGRELATION"
-- ----------------------------
ALTER TABLE "PPMSUSER"."TB_SUBAREAORGRELATION" ADD FOREIGN KEY ("ORGID") REFERENCES "PPMSUSER"."ORGANIZATION_NJ" ("ORGID");
ALTER TABLE "PPMSUSER"."TB_SUBAREAORGRELATION" ADD FOREIGN KEY ("SUBAREAID") REFERENCES "PPMSUSER"."TB_SUBAREA" ("SUBAREAID");

-- ----------------------------
-- Foreign Key structure for table "PPMSUSER"."TB_VISITCHECK"
-- ----------------------------
ALTER TABLE "PPMSUSER"."TB_VISITCHECK" ADD FOREIGN KEY ("ORGID") REFERENCES "PPMSUSER"."ORGANIZATION_NJ" ("ORGID");
